"step","date","time_days","pav_bar","wct_pct","gor_m3m3","wgr_m3m3"
1,2008-01-01,1,329.6,0,0,0
2,2008-01-01,1.63,329.6,0,0,0
3,2008-01-02,2.32,329.6,0,0,0
4,2008-01-03,3.5,329.6,0,0,0
5,2008-01-05,5.45,329.6,0,0,0
6,2008-01-08,8.22,329.6,0,0,0
7,2008-01-11,11,329.6,0,0,0
8,2008-01-14,14.61,329.6,0,0,0
9,2008-01-17,17.8,329.6,0,0,0
10,2008-01-21,21,329.6,0,0,0
11,2008-01-25,25.86,329.6,0,0,0
12,2008-01-28,28.43,329.6,0,0,0
13,2008-01-31,31,329.6,0,0,0
14,2008-02-04,35.47,329.6,0,0,0
15,2008-02-10,41,329.6,0,0,0
16,2008-02-15,46,327.4,0,158.82,0
17,2008-02-20,51,325.2,0,158.4,0
18,2008-02-26,57,322.6,0,158.01,0
19,2008-03-01,61,320.2,0,157.7,0
20,2008-03-06,66,317.1,0,157.35,0
21,2008-03-11,71,314.2,0,157.03,0
22,2008-03-16,76,311.1,0,156.71,0
23,2008-03-21,81,308.2,0,156.4,0
24,2008-03-21,81.5,308,0,156.38,0
25,2008-03-22,82.13,307.8,0,156.35,0
26,2008-03-23,83.1,307.4,0,156.31,0
27,2008-03-24,84.63,306.8,0,156.25,0
28,2008-03-27,87.01,305.9,0,156.16,0
29,2008-03-29,89.01,305.2,0,156.08,0
30,2008-03-31,91,304.5,0,156.01,0
31,2008-04-05,96,301.7,0,155.75,0
32,2008-04-10,101,299,0,155.52,0
33,2008-04-15,106,297.1,0,155.36,0
34,2008-04-20,111,295.2,0,155.21,0
35,2008-04-20,111.5,295.2,0,155.19,0
36,2008-04-21,112.03,295.1,0,155.17,0
37,2008-04-21,112.72,295.1,0,155.15,0
38,2008-04-22,113.7,295.1,0,155.11,0
39,2008-04-23,114.84,295,0,155.07,0
40,2008-04-25,116.46,294.9,0,155.02,0
41,2008-04-27,118.33,294.9,0,154.95,0
42,2008-04-30,121,294.7,0,154.87,0
43,2008-05-03,124.66,296.2,0,154.68,0
44,2008-05-06,127.11,297.2,0,154.55,0
45,2008-05-08,129.05,298,0,154.46,0
46,2008-05-10,131,298.8,0,154.36,0
47,2008-05-12,133.91,299.4,0,154.19,0
48,2008-05-15,136.6,299.9,0,154.03,0
49,2008-05-17,138.8,300.3,0,153.91,0
50,2008-05-20,141,300.7,0,153.79,0
51,2008-05-22,143.88,300.8,0,153.63,0
52,2008-05-25,146.56,300.9,0,153.49,0
53,2008-05-27,148.78,301,0,153.38,0
54,2008-05-30,151,301.1,0,153.27,0
55,2008-06-02,154.47,301,0,153.16,0
56,2008-06-05,157.56,301,0,153.07,0
57,2008-06-09,161,301,0,152.97,0
58,2008-06-14,166,300.5,0,152.83,0
59,2008-06-16,168.5,300.3,0,152.76,0
60,2008-06-19,171,300,0,152.7,0
61,2008-06-23,175.59,300.4,0,152.58,0
62,2008-06-26,178.29,300.6,0,152.52,0
63,2008-06-29,181,300.8,0,152.46,0
64,2008-07-03,185.9,301.8,0,152.35,0
65,2008-07-09,191,302.9,0,152.25,0
66,2008-07-10,192,302.4,0,153.93,0
67,2008-07-12,194.42,301.4,0,154.06,0
68,2008-07-15,197.71,299.9,0,154.17,0
69,2008-07-19,201,298.5,0,154.25,0
70,2008-07-24,206,298.9,0,155.88,0
71,2008-07-29,211,299.3,0,155.89,0
72,2008-08-03,216,299.4,0,156.34,0
73,2008-08-08,221,299.6,0,156.28,0
74,2008-08-13,226,297.2,0,155.64,0
75,2008-08-18,231,294.9,0,155.48,0
76,2008-08-23,236,296,0,154.06,0
77,2008-08-25,238.5,296.5,0,154.01,0
78,2008-08-28,241,297,0,153.96,0
79,2008-08-28,241.45,297.1,0,155.58,0
80,2008-08-28,241.75,297.2,0,155.58,0
81,2008-08-29,242.11,297.3,0,155.58,0
82,2008-08-29,242.7,297.5,0,155.56,0
83,2008-08-30,243.51,297.8,0,155.54,0
84,2008-08-31,244.6,298.1,0,155.51,0
85,2008-09-01,245.92,298.6,0,155.49,0
86,2008-09-03,247.95,299.2,0,155.45,0
87,2008-09-05,249.48,299.7,0,155.43,0
88,2008-09-07,251,300.1,0,155.41,0
89,2008-09-10,254.7,297.1,0,156.24,0
90,2008-09-13,257.85,294.6,0,156.13,0
91,2008-09-17,261,292.1,0,155.71,0
92,2008-09-22,266,287.3,0,153.63,0
93,2008-09-22,266.5,286.8,0,153.58,0
94,2008-09-23,267.13,286.2,0,153.45,0
95,2008-09-24,268.1,285.4,0,153.18,0
96,2008-09-25,269.55,284.1,0,152.77,0
97,2008-09-27,271,282.9,0,152.38,0
98,2008-09-30,274.73,282,0,151.89,0
99,2008-10-03,277.86,281.2,0,151.56,0
100,2008-10-07,281,280.4,0,151.29,0
101,2008-10-12,286,280.6,0,151.55,0
102,2008-10-17,291,280.7,0,151.62,0
103,2008-10-22,296,282.4,0,151.88,0
104,2008-10-24,298.5,283.1,0,152.11,0
105,2008-10-27,301,283.9,0,152.34,0
106,2008-10-30,304.32,284.3,0,152.18,0
107,2008-11-02,307.66,284.6,0,152.23,0
108,2008-11-06,311,285,0,152.27,0
109,2008-11-09,314.74,286.1,0,151.87,0
110,2008-11-12,317.87,286.9,0,152,0
111,2008-11-16,321,287.8,0,152.12,0
112,2008-11-19,324.55,288.5,0,152.26,0
113,2008-11-22,327.77,289.2,0,152.32,0
114,2008-11-26,331,289.8,0,152.33,0
115,2008-11-26,331.42,290.1,0,152.3,0
116,2008-11-26,331.94,290.5,0,152.33,0
117,2008-11-27,332.75,291.1,0,152.39,0
118,2008-11-29,334.02,292,0,152.49,0
119,2008-12-01,336.01,293.5,0,152.46,0
120,2008-12-03,338.5,295.3,0,152.62,0
121,2008-12-06,341,297.1,0,152.65,0
122,2008-12-08,343.94,298.5,0,152.78,0
123,2008-12-12,347.26,300.2,0,152.87,0
124,2008-12-16,351,302,0,152.42,0
125,2008-12-19,354,303.7,0,151.76,0
126,2008-12-20,355,304.2,0,151.63,0
127,2008-12-22,357.91,305.8,0,151.36,0
128,2008-12-26,361,307.5,0,151.07,0
129,2008-12-29,364.54,309.1,0,150.65,0
130,2008-12-29,364.86,309.2,0,150.63,0
131,2008-12-30,365.27,309.4,0,150.6,0
132,2008-12-30,365.9,309.7,0,150.57,0
133,2008-12-31,366.88,310.1,0,150.52,0
134,2009-01-02,368.42,310.8,0,150.44,0
135,2009-01-03,369.71,311.4,0,150.38,0
136,2009-01-05,371,312,0,150.33,0
137,2009-01-07,373.98,313.4,0,150.22,0
138,2009-01-11,377.49,315,0,150.1,0
139,2009-01-11,377.84,315.2,0,150.1,0
140,2009-01-12,378.28,315.4,0,150.08,0
141,2009-01-12,378.96,315.7,0,150.06,0
142,2009-01-13,379.98,316.2,0,150.03,0
143,2009-01-15,381,316.7,0,149.99,0
144,2009-01-17,383.62,318.1,0,150.53,0
145,2009-01-17,383.99,318.3,0,150.52,0
146,2009-01-18,384.45,318.6,0,150.5,0
147,2009-01-19,385.17,319,0,150.47,0
148,2009-01-20,386.29,319.6,0,150.41,0
149,2009-01-22,388.06,320.6,0,150.33,0
150,2009-01-23,389.53,321.4,0,150.26,0
151,2009-01-25,391,322.2,0,150.18,0
152,2009-01-27,393.77,323,0,149.81,0
153,2009-01-31,397.3,324.1,0,149.7,0
154,2009-01-31,397.67,324.2,0,149.69,0
155,2009-02-01,398.13,324.3,0,149.67,0
156,2009-02-01,398.86,324.5,0,149.65,0
157,2009-02-02,399.93,324.9,0,149.61,0
158,2009-02-04,401,325.2,0,149.57,0
159,2009-02-04,401.28,325.3,0,149.66,0
160,2009-02-04,401.62,325.4,0,149.65,0
161,2009-02-05,402.16,325.6,0,149.63,0
162,2009-02-06,403,326,0,149.6,0
163,2009-02-07,404.31,326.5,0,149.54,0
164,2009-02-09,406.37,327.3,0,149.46,0
165,2009-02-11,408.68,328.2,0,149.36,0
166,2009-02-14,411,329.1,0,149.26,0
167,2009-02-14,411.45,329.4,0,149.34,0
168,2009-02-15,412.01,329.7,0,149.3,0
169,2009-02-15,412.9,330.2,0,149.25,0
170,2009-02-17,414.27,330.9,0,149.17,0
171,2009-02-19,416.42,332.1,0,149.05,0
172,2009-02-21,418.71,333.4,0,148.93,0
173,2009-02-24,421,334.6,0,148.81,0
174,2009-02-24,421.4,334.8,0,148.74,0
175,2009-02-24,421.9,335.1,0,148.72,0
176,2009-02-25,422.68,335.5,0,148.68,0
177,2009-02-26,423.9,336.2,0,148.62,0
178,2009-02-28,425.81,337.2,0,148.53,0
179,2009-03-02,427.4,338,0,148.46,0
180,2009-03-04,429,338.8,0,148.38,0
181,2009-03-06,431,339.9,0,148.3,0
182,2009-03-06,431.49,339.4,0.037,146.98,3e-04
183,2009-03-07,432.1,338.7,0.035,147.07,2e-04
184,2009-03-08,433.04,337.8,0.034,147.19,2e-04
185,2009-03-09,434.24,336.5,0.034,147.32,2e-04
186,2009-03-11,436.12,334.6,0.034,147.42,2e-04
187,2009-03-13,438.56,332.2,0.035,147.47,2e-04
188,2009-03-16,441,329.8,0.035,147.5,2e-04
189,2009-03-21,446,320.5,0,148.95,0
190,2009-03-26,451,311.4,0,149.07,0
191,2009-03-26,451.5,311.3,0,148.86,0
192,2009-03-27,452.13,311.2,0,148.79,0
193,2009-03-28,453.1,311,0,148.68,0
194,2009-03-29,454.63,310.7,0,148.55,0
195,2009-04-01,457.01,310.3,0,148.41,0
196,2009-04-03,459.01,309.9,0,148.32,0
197,2009-04-05,461,309.6,0,148.25,0
198,2009-04-05,461.5,309.1,0,148.37,0
199,2009-04-06,462.13,308.5,0,148.36,0
200,2009-04-07,463.1,307.5,0,148.35,0
201,2009-04-08,464.63,306,0,148.34,0
202,2009-04-11,467.01,303.7,0,148.32,0
203,2009-04-13,469.01,301.8,0,148.31,0
204,2009-04-15,471,299.9,0,148.3,0
205,2009-04-15,471.4,299.6,0,148.29,0
206,2009-04-15,471.9,299.2,0,148.28,0
207,2009-04-16,472.67,298.6,0,148.26,0
208,2009-04-17,473.89,297.7,0,148.22,0
209,2009-04-19,475.79,296.3,0,148.17,0
210,2009-04-22,478.39,294.4,0,148.11,0
211,2009-04-25,481,292.5,0,148.05,0
212,2009-04-29,485.74,292.1,0,147.75,0
213,2009-05-02,488.37,291.9,0,147.62,0
214,2009-05-05,491,291.7,0,147.52,0
215,2009-05-09,495.35,293.8,0,147.22,0
216,2009-05-12,498.17,295.2,0.001,147.09,0
217,2009-05-15,501,296.6,0.001,147,0
218,2009-05-15,501.42,296.8,0.001,147.12,0
219,2009-05-15,501.94,297.1,0.001,147.09,0
220,2009-05-16,502.76,297.6,0.001,147.04,0
221,2009-05-18,504.04,298.3,0.002,146.99,0
222,2009-05-20,506.04,299.3,0.002,146.96,0
223,2009-05-22,508.52,300.6,0.003,146.99,0
224,2009-05-25,511,302,0.003,147.07,0
225,2009-05-25,511.33,302,0.003,147.14,0
226,2009-05-25,511.75,302,0.004,147.16,0
227,2009-05-26,512.41,302.1,0.004,147.2,0
228,2009-05-27,513.43,302.2,0.005,147.26,0
229,2009-05-29,515.03,302.3,0.007,147.33,0
230,2009-05-31,517.52,302.5,0.01,147.38,1e-04
231,2009-06-04,521,302.8,0.012,147.39,1e-04
232,2009-06-04,521.46,302.4,0.012,147.36,1e-04
233,2009-06-05,522.03,302,0.012,147.38,1e-04
234,2009-06-05,522.93,301.3,0.013,147.42,1e-04
235,2009-06-07,524.32,300.3,0.013,147.46,1e-04
236,2009-06-09,526.51,298.7,0.014,147.5,1e-04
237,2009-06-11,528.75,297,0.014,147.54,1e-04
238,2009-06-14,531,295.4,0.014,147.57,1e-04
239,2009-06-14,531.49,295.2,0.015,147.54,1e-04
240,2009-06-15,532.09,294.9,0.015,147.55,1e-04
241,2009-06-16,533.04,294.4,0.015,147.55,1e-04
242,2009-06-17,534.52,293.7,0.016,147.55,1e-04
243,2009-06-19,536.84,292.6,0.016,147.54,1e-04
244,2009-06-21,538.92,291.7,0.017,147.53,1e-04
245,2009-06-24,541,290.7,0.017,147.51,1e-04
246,2009-06-24,541.43,290.7,0.214,145.38,0.0019
247,2009-06-24,541.85,290.7,0.196,145.12,0.0017
248,2009-06-25,542.35,290.7,0.186,144.94,0.0016
249,2009-06-26,543.2,290.7,0.179,144.78,0.0015
250,2009-06-27,544.52,290.7,0.174,144.63,0.0015
251,2009-06-29,546.59,290.6,0.17,144.5,0.0014
252,2009-07-01,548.79,290.5,0.168,144.41,0.0014
253,2009-07-04,551,290.4,0.167,144.34,0.0014
254,2009-07-04,551.47,290.4,0.123,145.69,0.001
255,2009-07-05,552.06,290.4,0.122,145.69,0.001
256,2009-07-05,552.98,290.3,0.122,145.68,0.001
257,2009-07-07,554.42,290.3,0.123,145.67,0.001
258,2009-07-07,554.65,290.3,0.123,145.67,0.001
259,2009-07-07,554.93,290.3,0.123,145.66,0.001
260,2009-07-08,555.37,290.3,0.123,145.66,0.001
261,2009-07-09,556.05,290.3,0.123,145.66,0.001
262,2009-07-10,557.13,290.2,0.124,145.64,0.001
263,2009-07-11,558.8,290.2,0.124,145.62,0.001
264,2009-07-14,561,290.2,0.125,145.58,0.001
265,2009-07-14,561.41,290.4,0.072,146.5,5e-04
266,2009-07-14,561.92,290.8,0.072,146.49,5e-04
267,2009-07-15,562.72,291.3,0.074,146.49,5e-04
268,2009-07-16,563.97,292.1,0.076,146.48,6e-04
269,2009-07-18,565.92,293.4,0.078,146.47,6e-04
270,2009-07-19,566.17,293.6,0.079,146.47,6e-04
271,2009-07-19,566.49,293.8,0.079,146.47,6e-04
272,2009-07-19,566.99,294.1,0.079,146.47,6e-04
273,2009-07-20,567.76,294.7,0.08,146.46,6e-04
274,2009-07-21,568.97,295.5,0.081,146.45,6e-04
275,2009-07-22,569.99,296.2,0.082,146.44,6e-04
276,2009-07-24,571,296.9,0.082,146.43,6e-04
277,2009-07-24,571.3,297.3,0.028,146.68,2e-04
278,2009-07-24,571.68,297.7,0.028,146.66,2e-04
279,2009-07-25,572.28,298.4,0.029,146.64,2e-04
280,2009-07-26,573.2,299.4,0.029,146.6,2e-04
281,2009-07-27,574.65,301.1,0.03,146.54,2e-04
282,2009-07-27,574.88,301.3,0.03,146.53,2e-04
283,2009-07-28,575.16,301.7,0.031,146.52,2e-04
284,2009-07-28,575.61,302.2,0.031,146.5,2e-04
285,2009-07-29,576.3,303,0.031,146.48,2e-04
286,2009-07-30,577.38,304.2,0.032,146.45,2e-04
287,2009-08-01,579.06,306.1,0.033,146.4,2e-04
288,2009-08-03,581,308.4,0.034,146.36,2e-04
289,2009-08-06,584.98,307.4,0.036,146.25,3e-04
290,2009-08-09,587.99,306.7,0.037,146.37,3e-04
291,2009-08-13,591,306,0.038,146.46,3e-04
292,2009-08-13,591.43,306,0.035,146.65,2e-04
293,2009-08-13,591.96,306,0.036,146.65,3e-04
294,2009-08-14,592.79,306.1,0.037,146.65,3e-04
295,2009-08-16,594.09,306.1,0.039,146.63,3e-04
296,2009-08-18,596.12,306.2,0.041,146.62,3e-04
297,2009-08-20,598.56,306.2,0.045,146.62,3e-04
298,2009-08-23,601,306.2,0.049,146.62,4e-04
299,2009-08-23,601.34,306.4,0.059,146.11,4e-04
300,2009-08-23,601.76,306.6,0.059,146.12,4e-04
301,2009-08-24,602.42,306.9,0.06,146.14,4e-04
302,2009-08-25,603.46,307.4,0.062,146.16,5e-04
303,2009-08-27,605.07,308.2,0.064,146.19,5e-04
304,2009-08-29,607.59,309.4,0.067,146.22,5e-04
305,2009-09-02,611,311.1,0.071,146.25,5e-04
306,2009-09-02,611.44,311.3,0.07,146.37,5e-04
307,2009-09-02,612,311.5,0.07,146.38,5e-04
308,2009-09-03,612.86,311.9,0.071,146.38,5e-04
309,2009-09-05,614.21,312.5,0.072,146.37,5e-04
310,2009-09-07,616.32,313.5,0.074,146.37,5e-04
311,2009-09-09,618.66,314.5,0.076,146.36,6e-04
312,2009-09-12,621,315.5,0.078,146.36,6e-04
313,2009-09-12,621.5,315.6,0.073,146.52,5e-04
314,2009-09-13,622.12,315.8,0.074,146.53,5e-04
315,2009-09-14,623.09,316,0.077,146.57,6e-04
316,2009-09-15,624.6,316.4,0.082,146.61,6e-04
317,2009-09-17,626.97,316.9,0.088,146.69,7e-04
318,2009-09-19,628.98,317.3,0.094,146.75,7e-04
319,2009-09-22,631,317.8,0.1,146.82,8e-04
320,2009-09-22,631.39,317.8,0.114,146.51,9e-04
321,2009-09-22,631.87,317.9,0.112,146.58,9e-04
322,2009-09-23,632.63,318,0.111,146.63,9e-04
323,2009-09-24,633.81,318.1,0.11,146.68,8e-04
324,2009-09-26,635.65,318.4,0.108,146.73,8e-04
325,2009-09-29,638.33,318.8,0.108,146.78,8e-04
326,2009-10-02,641,319.2,0.109,146.82,8e-04
327,2009-10-02,641.5,319.2,0.098,147.12,7e-04
328,2009-10-03,642.13,319.4,0.101,147.11,8e-04
329,2009-10-04,643.1,319.6,0.105,147.12,8e-04
330,2009-10-05,644.63,319.8,0.111,147.13,8e-04
331,2009-10-08,647.01,320.3,0.119,147.16,9e-04
332,2009-10-10,649.01,320.6,0.127,147.18,0.001
333,2009-10-12,651,321,0.135,147.22,0.0011
334,2009-10-15,654.76,320.1,0.147,147.21,0.0012
335,2009-10-18,657.88,319.4,0.155,147.28,0.0012
336,2009-10-22,661,318.7,0.164,147.33,0.0013
337,2009-10-22,661.49,318.8,0.166,147.29,0.0013
338,2009-10-23,662.11,319,0.168,147.29,0.0014
339,2009-10-24,663.08,319.2,0.171,147.29,0.0014
340,2009-10-25,664.58,319.6,0.177,147.29,0.0015
341,2009-10-27,666.94,320.3,0.185,147.3,0.0015
342,2009-10-29,668.97,320.8,0.191,147.3,0.0016
343,2009-11-01,671,321.3,0.197,147.3,0.0017
344,2009-11-01,671.47,321.3,0.195,147.39,0.0016
345,2009-11-02,672.06,321.3,0.198,147.39,0.0017
346,2009-11-02,672.98,321.3,0.201,147.4,0.0017
347,2009-11-04,674.42,321.3,0.206,147.41,0.0018
348,2009-11-06,676.67,321.2,0.213,147.43,0.0018
349,2009-11-08,678.84,321.1,0.22,147.44,0.0019
350,2009-11-11,681,321.1,0.226,147.45,0.002
351,2009-11-14,684.75,321.1,0.238,147.47,0.0021
352,2009-11-17,687.88,321,0.247,147.47,0.0022
353,2009-11-21,691,321,0.257,147.46,0.0023
354,2009-11-21,691.41,321.1,0.274,147.48,0.0026
355,2009-11-21,691.92,321.1,0.275,147.47,0.0026
356,2009-11-22,692.72,321.2,0.277,147.46,0.0026
357,2009-11-23,693.97,321.3,0.281,147.44,0.0027
358,2009-11-25,695.92,321.6,0.287,147.41,0.0027
359,2009-11-28,698.46,321.8,0.295,147.38,0.0028
360,2009-12-01,701,322.1,0.303,147.35,0.003
361,2009-12-01,701.4,322.1,0.33,147.25,0.0034
362,2009-12-01,701.89,322.1,0.332,147.24,0.0034
363,2009-12-02,702.67,322.1,0.335,147.23,0.0034
364,2009-12-03,703.88,322.1,0.339,147.21,0.0035
365,2009-12-05,705.78,322.2,0.346,147.18,0.0036
366,2009-12-08,708.39,322.2,0.355,147.16,0.0037
367,2009-12-11,711,322.2,0.363,147.14,0.0039
368,2009-12-11,711.42,322.1,0.359,147.1,0.0038
369,2009-12-11,711.94,321.9,0.36,147.11,0.0038
370,2009-12-12,712.75,321.7,0.361,147.12,0.0038
371,2009-12-14,714.02,321.3,0.362,147.13,0.0039
372,2009-12-15,716,320.8,0.365,147.14,0.0039
373,2009-12-18,718.5,320.1,0.369,147.15,0.004
374,2009-12-21,721,319.4,0.373,147.16,0.004
375,2009-12-21,721.4,319.3,0.341,147.41,0.0035
376,2009-12-21,721.9,319.3,0.343,147.41,0.0035
377,2009-12-22,722.68,319.1,0.345,147.41,0.0036
378,2009-12-23,723.91,318.9,0.349,147.42,0.0036
379,2009-12-25,725.82,318.6,0.355,147.42,0.0037
380,2009-12-28,728.41,318.1,0.362,147.42,0.0038
381,2009-12-31,731,317.6,0.368,147.41,0.004
382,2010-01-04,735.02,317.4,0.38,147.4,0.0042
383,2010-01-07,738.01,317.2,0.387,147.37,0.0043
384,2010-01-10,741,317,0.394,147.33,0.0044
385,2010-01-15,746,317.6,0.408,147.23,0.0047
386,2010-01-15,746.5,317.7,0.409,147.23,0.0047
387,2010-01-16,747.13,317.8,0.411,147.22,0.0047
388,2010-01-17,748.1,317.9,0.414,147.2,0.0048
389,2010-01-18,749.55,318.1,0.418,147.18,0.0049
390,2010-01-20,751,318.3,0.422,147.16,0.005
391,2010-01-23,754.73,319.2,0.433,147.07,0.0052
392,2010-01-26,757.86,320,0.441,147.01,0.0054
393,2010-01-30,761,320.8,0.449,146.96,0.0056
394,2010-01-30,761.5,320.9,0.45,146.96,0.0056
395,2010-01-31,762.13,321.1,0.452,146.96,0.0056
396,2010-02-01,763.1,321.3,0.454,146.94,0.0057
397,2010-02-02,764.63,321.7,0.458,146.92,0.0058
398,2010-02-05,767.01,322.2,0.464,146.89,0.0059
399,2010-02-07,769.01,322.7,0.469,146.86,0.006
400,2010-02-09,771,323.2,0.475,146.82,0.0062
401,2010-02-09,771.39,323.2,0.481,146.71,0.0063
402,2010-02-09,771.87,323.3,0.481,146.71,0.0063
403,2010-02-10,772.63,323.3,0.481,146.71,0.0063
404,2010-02-11,773.82,323.4,0.482,146.7,0.0063
405,2010-02-13,775.67,323.6,0.483,146.68,0.0064
406,2010-02-16,778.33,323.9,0.486,146.64,0.0065
407,2010-02-19,781,324.2,0.49,146.61,0.0065
408,2010-02-19,781.44,324.3,0.492,146.61,0.0066
409,2010-02-19,781.98,324.4,0.493,146.6,0.0066
410,2010-02-20,782.84,324.6,0.494,146.59,0.0066
411,2010-02-22,784.17,324.8,0.495,146.56,0.0067
412,2010-02-24,786.25,325.2,0.498,146.53,0.0068
413,2010-02-26,788.63,325.6,0.501,146.49,0.0069
414,2010-03-01,791,326.1,0.505,146.46,0.007
415,2010-03-01,791.5,325.7,0.517,146.41,0.0073
416,2010-03-02,792.13,325.3,0.514,146.45,0.0072
417,2010-03-03,793.1,324.6,0.508,146.5,0.0071
418,2010-03-04,794.63,323.6,0.501,146.55,0.0069
419,2010-03-07,797.01,322,0.493,146.59,0.0066
420,2010-03-09,799.01,320.7,0.488,146.61,0.0065
421,2010-03-11,801,319.4,0.483,146.63,0.0064
422,2010-03-11,801.42,319.3,0.473,146.58,0.0061
423,2010-03-11,801.94,319.1,0.475,146.57,0.0062
424,2010-03-12,802.75,318.9,0.477,146.56,0.0062
425,2010-03-14,804.02,318.6,0.481,146.54,0.0063
426,2010-03-15,806,318,0.487,146.53,0.0065
427,2010-03-16,806.25,317.9,0.488,146.52,0.0065
428,2010-03-16,806.56,317.8,0.489,146.52,0.0065
429,2010-03-17,807.05,317.7,0.49,146.52,0.0066
430,2010-03-17,807.81,317.5,0.492,146.51,0.0066
431,2010-03-19,809.01,317.1,0.494,146.51,0.0067
432,2010-03-20,810,316.9,0.496,146.5,0.0067
433,2010-03-21,811,316.6,0.498,146.49,0.0068
434,2010-03-21,811.3,316.6,0.496,146.47,0.0067
435,2010-03-21,811.67,316.6,0.497,146.47,0.0068
436,2010-03-22,812.26,316.7,0.499,146.46,0.0068
437,2010-03-23,813.17,316.8,0.502,146.44,0.0069
438,2010-03-24,814.6,317,0.507,146.42,0.007
439,2010-03-26,816.83,317.3,0.513,146.37,0.0072
440,2010-03-28,818.91,317.5,0.518,146.34,0.0073
441,2010-03-31,821,317.7,0.522,146.3,0.0075
442,2010-03-31,821.5,317.9,0.529,146.35,0.0077
443,2010-04-01,822.13,318.2,0.53,146.33,0.0077
444,2010-04-02,823.1,318.5,0.532,146.31,0.0078
445,2010-04-03,824.63,319,0.535,146.28,0.0079
446,2010-04-06,827.01,319.9,0.539,146.23,0.008
447,2010-04-08,829.01,320.6,0.543,146.19,0.0081
448,2010-04-10,831,321.3,0.546,146.15,0.0082
449,2010-04-10,831.5,320.8,0.542,146.04,0.0081
450,2010-04-11,832.13,320.3,0.541,146.06,0.0081
451,2010-04-12,833.1,319.4,0.539,146.09,0.008
452,2010-04-13,834.63,318,0.535,146.14,0.0079
453,2010-04-16,837.01,315.8,0.53,146.21,0.0077
454,2010-04-18,839.01,314.1,0.526,146.26,0.0076
455,2010-04-20,841,312.4,0.522,146.31,0.0075
456,2010-04-20,841.49,312.5,0.52,146.11,0.0074
457,2010-04-21,842.1,312.7,0.521,146.1,0.0074
458,2010-04-22,843.05,313,0.523,146.07,0.0075
459,2010-04-23,844.54,313.4,0.526,146.04,0.0076
460,2010-04-25,846.86,314,0.531,145.98,0.0077
461,2010-04-27,848.93,314.6,0.534,145.93,0.0079
462,2010-04-30,851,315.2,0.538,145.88,0.008
463,2010-04-30,851.5,315.4,0.532,145.76,0.0078
464,2010-05-01,852.12,315.7,0.533,145.74,0.0078
465,2010-05-02,853.09,316.1,0.536,145.72,0.0079
466,2010-05-03,854.61,316.8,0.54,145.67,0.0081
467,2010-05-05,856.98,317.8,0.546,145.62,0.0082
468,2010-05-07,858.99,318.7,0.55,145.57,0.0084
469,2010-05-10,861,319.6,0.554,145.53,0.0085
470,2010-05-10,861.5,319.9,0.559,145.68,0.0087
471,2010-05-11,862.13,320.2,0.561,145.67,0.0088
472,2010-05-12,863.1,320.8,0.563,145.64,0.0088
473,2010-05-13,864.63,321.7,0.567,145.59,0.009
474,2010-05-16,867.01,323,0.571,145.54,0.0092
475,2010-05-18,869.01,324.1,0.575,145.49,0.0093
476,2010-05-20,871,325.2,0.579,145.44,0.0095
477,2010-05-20,871.44,325.4,0.579,145.38,0.0095
478,2010-05-20,871.99,325.7,0.58,145.37,0.0095
479,2010-05-21,872.86,326.1,0.581,145.36,0.0095
480,2010-05-23,874.2,326.8,0.583,145.33,0.0096
481,2010-05-25,876.31,327.9,0.586,145.3,0.0098
482,2010-05-27,878.65,329.1,0.59,145.25,0.0099
483,2010-05-30,881,330.3,0.593,145.22,0.01
484,2010-05-30,881.5,330.5,0.596,145.18,0.0102
485,2010-05-31,882.12,330.8,0.597,145.17,0.0102
486,2010-06-01,883.09,331.2,0.598,145.16,0.0102
487,2010-06-02,884.61,331.9,0.599,145.14,0.0103
488,2010-06-04,886.98,332.9,0.602,145.11,0.0104
489,2010-06-06,888.99,333.8,0.604,145.09,0.0105
490,2010-06-09,891,334.7,0.606,145.06,0.0106
491,2010-06-09,891.46,334.7,0.603,145.09,0.0105
492,2010-06-10,892.03,334.8,0.604,145.09,0.0105
493,2010-06-10,892.92,334.8,0.604,145.09,0.0105
494,2010-06-12,894.32,334.9,0.605,145.09,0.0105
495,2010-06-14,896.5,335,0.606,145.09,0.0106
496,2010-06-16,898.75,335.2,0.607,145.09,0.0107
497,2010-06-19,901,335.3,0.609,145.09,0.0107
498,2010-06-19,901.41,335.3,0.61,145.1,0.0108
499,2010-06-19,901.93,335.3,0.61,145.1,0.0108
500,2010-06-20,902.73,335.3,0.61,145.1,0.0108
501,2010-06-21,903.98,335.2,0.611,145.11,0.0108
502,2010-06-23,905.94,335.2,0.612,145.11,0.0109
503,2010-06-26,908.47,335.1,0.613,145.11,0.0109
504,2010-06-29,911,335,0.614,145.11,0.011
505,2010-06-29,911.41,335,0.623,145.33,0.0114
506,2010-06-29,911.92,335,0.623,145.33,0.0114
507,2010-06-30,912.72,335,0.624,145.32,0.0114
508,2010-07-01,913.97,335,0.625,145.31,0.0115
509,2010-07-03,915.92,335,0.627,145.29,0.0116
510,2010-07-06,918.46,335,0.629,145.26,0.0117
511,2010-07-09,921,335,0.631,145.24,0.0118
512,2010-07-09,921.47,335.1,0.623,144.91,0.0114
513,2010-07-10,922.05,335.1,0.623,144.91,0.0114
514,2010-07-10,922.97,335.2,0.623,144.91,0.0114
515,2010-07-12,924.39,335.3,0.624,144.91,0.0114
516,2010-07-14,926.63,335.4,0.625,144.9,0.0115
517,2010-07-16,928.81,335.6,0.626,144.89,0.0115
518,2010-07-19,931,335.8,0.627,144.88,0.0116
519,2010-07-19,931.38,335.8,0.625,144.88,0.0115
520,2010-07-19,931.85,335.7,0.625,144.88,0.0115
521,2010-07-20,932.59,335.7,0.626,144.88,0.0115
522,2010-07-21,933.75,335.7,0.626,144.88,0.0116
523,2010-07-23,935.55,335.6,0.627,144.88,0.0116
524,2010-07-26,938.28,335.6,0.628,144.87,0.0117
525,2010-07-29,941,335.5,0.629,144.85,0.0117
526,2010-07-29,941.46,335.5,0.632,144.88,0.0118
527,2010-07-30,942.04,335.5,0.632,144.88,0.0119
528,2010-07-30,942.95,335.5,0.633,144.87,0.0119
529,2010-08-01,944.36,335.5,0.634,144.86,0.0119
530,2010-08-03,946.58,335.5,0.635,144.84,0.012
531,2010-08-05,948.79,335.5,0.636,144.82,0.0121
532,2010-08-08,951,335.5,0.638,144.8,0.0122
533,2010-08-08,951.5,335.6,0.644,144.7,0.0125
534,2010-08-09,952.13,335.7,0.644,144.7,0.0125
535,2010-08-10,953.1,335.8,0.644,144.7,0.0125
536,2010-08-11,954.63,335.9,0.643,144.69,0.0125
537,2010-08-14,957.01,336.2,0.643,144.66,0.0124
538,2010-08-16,959.01,336.4,0.643,144.64,0.0125
539,2010-08-18,961,336.6,0.643,144.62,0.0125
540,2010-08-23,966,336.7,0,0,0
541,2010-08-25,968.5,336.8,0,0,0
542,2010-08-28,971,336.9,0,0,0
543,2010-08-28,971.48,336.9,0.607,144.65,0.0107
544,2010-08-28,971.9,336.9,0.597,144.63,0.0102
545,2010-08-29,972.4,336.9,0.594,144.63,0.0101
546,2010-08-30,973.33,336.9,0.594,144.62,0.0101
547,2010-08-31,974.79,336.9,0.599,144.63,0.0103
548,2010-09-01,975.02,336.9,0.6,144.63,0.0104
549,2010-09-01,975.31,336.9,0.601,144.63,0.0104
550,2010-09-01,975.75,336.9,0.602,144.63,0.0105
551,2010-09-02,976.45,336.8,0.605,144.63,0.0106
552,2010-09-03,977.54,336.8,0.608,144.62,0.0107
553,2010-09-05,979.24,336.8,0.612,144.59,0.0109
554,2010-09-07,981,336.8,0.615,144.57,0.011
555,2010-09-08,982,336.9,0.637,145.26,0.0121
556,2010-09-10,984.45,337.1,0.647,145.18,0.0126
557,2010-09-13,987.73,337.5,0.656,145.09,0.0131
558,2010-09-17,991,337.8,0.662,145.03,0.0135
559,2010-09-17,991.3,337.7,0.64,144.22,0.0123
560,2010-09-17,991.68,337.6,0.64,144.22,0.0123
561,2010-09-18,992.26,337.4,0.639,144.23,0.0123
562,2010-09-19,993.13,337.2,0.638,144.25,0.0122
563,2010-09-20,994,337,0.637,144.27,0.0121
564,2010-09-20,994.2,336.9,0.605,145.17,0.0106
565,2010-09-20,994.45,336.9,0.606,145.17,0.0106
566,2010-09-20,994.84,336.8,0.606,145.18,0.0106
567,2010-09-21,995.45,336.6,0.606,145.18,0.0106
568,2010-09-22,996.4,336.4,0.606,145.19,0.0106
569,2010-09-23,997.2,336.2,0.605,145.19,0.0106
570,2010-09-24,998,336,0.605,145.2,0.0105
571,2010-09-25,999.5,335.6,0.604,145.03,0.0105
572,2010-09-27,1001,335.2,0.607,145.03,0.0106
573,2010-09-27,1001.2,335.3,0.591,144.93,0.01
574,2010-09-27,1001.44,335.3,0.592,144.93,0.01
575,2010-09-27,1001.83,335.5,0.593,144.93,0.0101
576,2010-09-28,1002.43,335.7,0.595,144.94,0.0102
577,2010-09-29,1003.37,336,0.599,144.94,0.0103
578,2010-09-30,1004.83,336.5,0.604,144.94,0.0105
579,2010-10-03,1007.13,337.2,0.611,144.93,0.0108
580,2010-10-05,1009.06,337.9,0.615,144.92,0.011
581,2010-10-07,1011,338.5,0.619,144.92,0.0112
582,2010-10-07,1011.37,338.5,0.623,144.98,0.0114
583,2010-10-07,1011.84,338.5,0.624,144.98,0.0114
584,2010-10-08,1012.56,338.5,0.625,144.98,0.0115
585,2010-10-09,1013.7,338.4,0.626,144.98,0.0115
586,2010-10-11,1015.47,338.4,0.628,144.98,0.0117
587,2010-10-14,1018.24,338.3,0.632,144.98,0.0119
588,2010-10-17,1021,338.3,0.636,144.98,0.0121
589,2010-10-20,1024.93,338.3,0.643,145.02,0.0124
590,2010-10-23,1027.97,338.3,0.647,145.04,0.0126
591,2010-10-27,1031,338.3,0.651,145.05,0.0128
592,2010-10-27,1031.4,338.2,0.651,145.05,0.0129
593,2010-10-27,1031.89,338,0.652,145.05,0.0129
594,2010-10-28,1032.66,337.8,0.652,145.06,0.0129
595,2010-10-29,1033.87,337.3,0.652,145.08,0.0129
596,2010-10-31,1035.76,336.7,0.653,145.1,0.013
597,2010-11-03,1038.38,335.7,0.654,145.13,0.013
598,2010-11-06,1041,334.8,0.654,145.16,0.013
599,2010-11-06,1041.5,334.8,0.662,145.19,0.0135
600,2010-11-07,1042.13,334.9,0.662,145.19,0.0135
601,2010-11-08,1043.1,335,0.662,145.18,0.0135
602,2010-11-09,1044.63,335.1,0.663,145.18,0.0136
603,2010-11-12,1047.01,335.3,0.664,145.17,0.0136
604,2010-11-14,1049.01,335.5,0.665,145.16,0.0137
605,2010-11-16,1051,335.7,0.666,145.15,0.0138
606,2010-11-16,1051.5,335.6,0.663,145.14,0.0136
607,2010-11-17,1052.12,335.4,0.663,145.14,0.0136
608,2010-11-18,1053.1,335.2,0.663,145.14,0.0136
609,2010-11-19,1054.62,334.9,0.663,145.14,0.0136
610,2010-11-22,1057.01,334.4,0.663,145.15,0.0136
611,2010-11-24,1059,334,0.663,145.15,0.0136
612,2010-11-26,1061,333.6,0.663,145.15,0.0136
613,2010-11-26,1061.5,333.8,0.664,145.19,0.0136
614,2010-11-27,1062.13,334,0.665,145.18,0.0137
615,2010-11-28,1063.1,334.4,0.667,145.17,0.0138
616,2010-11-29,1064.63,335,0.671,145.16,0.014
617,2010-12-02,1067.01,335.8,0.676,145.13,0.0144
618,2010-12-04,1069.01,336.6,0.68,145.1,0.0146
619,2010-12-06,1071,337.3,0.683,145.08,0.0149
620,2010-12-06,1071.44,337.3,0.683,145.04,0.0148
621,2010-12-06,1071.98,337.2,0.683,145.03,0.0149
622,2010-12-07,1072.83,337.2,0.683,145.03,0.0149
623,2010-12-09,1074.17,337.1,0.684,145.03,0.0149
624,2010-12-11,1076.25,337.1,0.685,145.02,0.015
625,2010-12-13,1078.62,337,0.685,145.02,0.015
626,2010-12-16,1081,336.9,0.687,145.01,0.0151
627,2010-12-16,1081.49,336.9,0.687,145.02,0.0151
628,2010-12-17,1082.11,336.9,0.687,145.02,0.0151
629,2010-12-18,1083.07,336.9,0.688,145.01,0.0152
630,2010-12-19,1084.57,336.9,0.689,145.01,0.0153
631,2010-12-21,1086.92,336.9,0.691,145.01,0.0154
632,2010-12-23,1088.96,337,0.692,145,0.0155
633,2010-12-26,1091,337,0.693,145,0.0156
634,2010-12-26,1091.5,337,0.694,144.99,0.0156
635,2010-12-27,1092.13,337,0.694,144.99,0.0157
636,2010-12-28,1093.1,337,0.695,144.99,0.0157
637,2010-12-29,1094.63,337,0.696,144.98,0.0158
638,2011-01-01,1097.01,337,0.697,144.97,0.0159
639,2011-01-03,1099.01,337,0.698,144.97,0.016
640,2011-01-05,1101,337,0.699,144.96,0.016
641,2011-01-05,1101.42,337,0.702,145.01,0.0163
642,2011-01-05,1101.95,337,0.703,145.01,0.0163
643,2011-01-06,1102.77,337,0.703,145,0.0164
644,2011-01-08,1104.05,337,0.704,145,0.0164
645,2011-01-10,1106.06,337,0.706,144.99,0.0166
646,2011-01-12,1108.53,337,0.708,144.98,0.0167
647,2011-01-15,1111,337,0.709,144.96,0.0168
648,2011-01-15,1111.48,336.9,0.708,144.94,0.0167
649,2011-01-16,1112.09,336.9,0.708,144.94,0.0168
650,2011-01-17,1113.03,336.9,0.709,144.93,0.0168
651,2011-01-18,1114.5,336.8,0.709,144.93,0.0168
652,2011-01-20,1116.8,336.8,0.71,144.92,0.0169
653,2011-01-22,1118.9,336.7,0.711,144.9,0.017
654,2011-01-25,1121,336.7,0.712,144.89,0.0171
655,2011-01-25,1121.5,336.7,0.719,144.8,0.0177
656,2011-01-26,1122.13,336.7,0.718,144.8,0.0176
657,2011-01-27,1123.1,336.8,0.717,144.8,0.0175
658,2011-01-28,1124.63,336.8,0.716,144.79,0.0174
659,2011-01-31,1127.01,337,0.714,144.78,0.0173
660,2011-02-02,1129.01,337.1,0.713,144.76,0.0172
661,2011-02-04,1131,337.2,0.712,144.75,0.0171
662,2011-02-04,1131.5,336.9,0.713,144.8,0.0171
663,2011-02-05,1132.13,336.5,0.712,144.81,0.0171
664,2011-02-06,1133.1,335.9,0.711,144.81,0.0169
665,2011-02-07,1134.63,334.9,0.708,144.82,0.0167
666,2011-02-10,1137.01,333.4,0.704,144.84,0.0164
667,2011-02-12,1139.01,332.1,0.7,144.86,0.0161
668,2011-02-14,1141,330.9,0.698,144.88,0.0159
669,2011-02-14,1141.5,331.1,0.693,144.84,0.0156
670,2011-02-15,1142.13,331.4,0.694,144.83,0.0157
671,2011-02-16,1143.1,331.9,0.696,144.81,0.0158
672,2011-02-17,1144.63,332.6,0.7,144.78,0.0161
673,2011-02-20,1147.01,333.7,0.706,144.73,0.0166
674,2011-02-22,1149.01,334.7,0.71,144.68,0.0169
675,2011-02-24,1151,335.7,0.714,144.64,0.0173
676,2011-02-24,1151.47,335.8,0.71,144.61,0.0169
677,2011-02-25,1152.06,335.9,0.71,144.6,0.017
678,2011-02-25,1152.98,336.1,0.712,144.59,0.0171
679,2011-02-27,1154.42,336.3,0.713,144.56,0.0172
680,2011-03-01,1156.67,336.8,0.716,144.53,0.0174
681,2011-03-03,1158.83,337.2,0.718,144.51,0.0176
682,2011-03-06,1161,337.6,0.72,144.48,0.0178
683,2011-03-06,1161.5,337.6,0.72,144.48,0.0178
684,2011-03-07,1162.13,337.6,0.72,144.47,0.0178
685,2011-03-08,1163.1,337.5,0.72,144.46,0.0178
686,2011-03-09,1164.63,337.5,0.721,144.46,0.0179
687,2011-03-12,1167.01,337.5,0.722,144.45,0.018
688,2011-03-14,1169.01,337.5,0.723,144.44,0.0181
689,2011-03-16,1171,337.4,0.724,144.43,0.0182
690,2011-03-16,1171.5,337.5,0.727,144.47,0.0185
691,2011-03-17,1172.13,337.5,0.728,144.46,0.0185
692,2011-03-18,1173.1,337.5,0.728,144.46,0.0186
693,2011-03-19,1174.63,337.6,0.729,144.45,0.0186
694,2011-03-22,1177.01,337.7,0.731,144.44,0.0188
695,2011-03-24,1179.01,337.8,0.731,144.42,0.0189
696,2011-03-26,1181,337.8,0.732,144.41,0.019
697,2011-03-26,1181.45,337.8,0.731,144.41,0.0188
698,2011-03-27,1182.01,337.8,0.731,144.4,0.0188
699,2011-03-27,1182.89,337.8,0.731,144.4,0.0189
700,2011-03-29,1184.26,337.8,0.732,144.4,0.0189
701,2011-03-31,1186.4,337.7,0.733,144.39,0.019
702,2011-04-02,1188.7,337.7,0.734,144.38,0.0192
703,2011-04-05,1191,337.6,0.736,144.37,0.0193
704,2011-04-05,1191.47,337.6,0.736,144.37,0.0193
705,2011-04-06,1192.07,337.6,0.736,144.37,0.0193
706,2011-04-06,1192.99,337.6,0.737,144.37,0.0194
707,2011-04-08,1194.44,337.6,0.738,144.36,0.0195
708,2011-04-10,1196.7,337.6,0.739,144.35,0.0196
709,2011-04-12,1198.85,337.6,0.74,144.34,0.0197
710,2011-04-15,1201,337.6,0.741,144.33,0.0198
711,2011-04-15,1201.49,337.6,0.743,144.36,0.02
712,2011-04-16,1202.1,337.6,0.743,144.36,0.0201
713,2011-04-17,1203.05,337.6,0.744,144.36,0.0201
714,2011-04-18,1204.55,337.6,0.745,144.35,0.0202
715,2011-04-20,1206.88,337.6,0.746,144.34,0.0203
716,2011-04-22,1208.94,337.6,0.747,144.33,0.0204
717,2011-04-25,1211,337.6,0.748,144.32,0.0205
718,2011-04-25,1211.5,337.6,0.747,144.3,0.0205
719,2011-04-26,1212.13,337.6,0.747,144.3,0.0205
720,2011-04-27,1213.1,337.6,0.748,144.3,0.0205
721,2011-04-28,1214.63,337.5,0.748,144.29,0.0206
722,2011-05-01,1217.01,337.5,0.749,144.28,0.0207
723,2011-05-03,1219.01,337.5,0.75,144.27,0.0208
724,2011-05-05,1221,337.4,0.751,144.26,0.0209
725,2011-05-05,1221.48,337.4,0.749,144.22,0.0207
726,2011-05-06,1222.09,337.4,0.749,144.22,0.0207
727,2011-05-07,1223.03,337.4,0.749,144.22,0.0207
728,2011-05-08,1224.51,337.4,0.75,144.21,0.0208
729,2011-05-10,1226.82,337.3,0.751,144.21,0.0209
730,2011-05-12,1228.91,337.2,0.751,144.2,0.0209
731,2011-05-15,1231,337.2,0.752,144.19,0.021
732,2011-05-18,1234.79,337,0.754,144.19,0.0213
733,2011-05-21,1237.9,336.8,0.755,144.18,0.0214
734,2011-05-25,1241,336.7,0.756,144.17,0.0215
735,2011-05-25,1241.5,336.7,0.758,144.17,0.0217
736,2011-05-26,1242.13,336.7,0.758,144.17,0.0217
737,2011-05-27,1243.1,336.8,0.758,144.16,0.0218
738,2011-05-28,1244.63,336.8,0.759,144.15,0.0218
739,2011-05-31,1247.01,336.9,0.76,144.13,0.022
740,2011-06-02,1249.01,337,0.761,144.12,0.022
741,2011-06-04,1251,337.1,0.761,144.11,0.0221
742,2011-06-04,1251.5,337.1,0.76,144.1,0.022
743,2011-06-05,1252.13,337.1,0.76,144.1,0.022
744,2011-06-06,1253.1,337,0.76,144.1,0.022
745,2011-06-07,1254.63,337,0.761,144.09,0.0221
746,2011-06-10,1257.01,336.9,0.761,144.08,0.0222
747,2011-06-12,1259.01,336.8,0.762,144.07,0.0222
748,2011-06-14,1261,336.7,0.763,144.06,0.0223
749,2011-06-14,1261.5,336.7,0.774,143.87,0.0238
750,2011-06-15,1262.13,336.7,0.772,143.88,0.0236
751,2011-06-16,1263.1,336.7,0.77,143.9,0.0233
752,2011-06-17,1264.63,336.7,0.768,143.91,0.023
753,2011-06-20,1267.01,336.6,0.764,143.92,0.0225
754,2011-06-22,1269.01,336.6,0.762,143.92,0.0222
755,2011-06-24,1271,336.6,0.759,143.92,0.0219
756,2011-06-24,1271.5,336.6,0.813,142.45,0.0305
757,2011-06-25,1272.13,336.7,0.801,142.77,0.0283
758,2011-06-26,1273.1,336.7,0.79,143.02,0.0263
759,2011-06-27,1274.63,336.8,0.774,143.28,0.024
760,2011-06-30,1277.01,337,0.755,143.5,0.0215
761,2011-07-02,1279.01,337.2,0.741,143.61,0.02
762,2011-07-04,1281,337.4,0.73,143.67,0.0188
763,2011-07-04,1281.5,337.4,0.71,143.78,0.017
764,2011-07-05,1282.13,337.4,0.709,143.74,0.017
765,2011-07-05,1282.95,337.5,0.708,143.7,0.0169
766,2011-07-07,1284.18,337.5,0.707,143.68,0.0168
767,2011-07-09,1286.08,337.6,0.704,143.66,0.0166
768,2011-07-11,1288.54,337.6,0.701,143.65,0.0163
769,2011-07-14,1291,337.7,0.698,143.64,0.0161
770,2011-07-14,1291.5,337.8,0.702,143.68,0.0164
771,2011-07-15,1292.13,337.8,0.701,143.69,0.0163
772,2011-07-16,1293.1,337.9,0.699,143.68,0.0162
773,2011-07-17,1294.63,338,0.697,143.67,0.016
774,2011-07-20,1297.01,338.2,0.694,143.65,0.0158
775,2011-07-22,1299.01,338.4,0.692,143.63,0.0156
776,2011-07-24,1301,338.5,0.69,143.61,0.0155
777,2011-07-24,1301.5,338.5,0.685,143.57,0.0151
778,2011-07-25,1302.13,338.5,0.685,143.55,0.0151
779,2011-07-26,1303.1,338.6,0.684,143.54,0.0151
780,2011-07-27,1304.63,338.6,0.683,143.53,0.015
781,2011-07-30,1307.01,338.6,0.681,143.51,0.0148
782,2011-08-01,1309.01,338.7,0.679,143.49,0.0147
783,2011-08-03,1311,338.7,0.677,143.47,0.0146
784,2011-08-03,1311.5,338.7,0.673,143.74,0.0143
785,2011-08-04,1312.13,338.7,0.679,143.72,0.0147
786,2011-08-04,1312.96,338.7,0.685,143.7,0.0151
787,2011-08-06,1314.18,338.7,0.692,143.68,0.0156
788,2011-08-08,1316.09,338.7,0.7,143.64,0.0162
789,2011-08-10,1318.54,338.7,0.708,143.6,0.0169
790,2011-08-13,1321,338.7,0.714,143.55,0.0174
791,2011-08-13,1321.43,338.7,0.719,143.68,0.0178
792,2011-08-13,1321.97,338.7,0.721,143.67,0.018
793,2011-08-14,1322.82,338.6,0.724,143.65,0.0182
794,2011-08-16,1324.14,338.6,0.728,143.63,0.0186
795,2011-08-18,1326.21,338.5,0.733,143.6,0.0191
796,2011-08-20,1328.6,338.4,0.738,143.58,0.0196
797,2011-08-23,1331,338.4,0.743,143.57,0.0201
798,2011-08-23,1331.5,338.3,0.742,143.52,0.02
799,2011-08-24,1332.13,338.3,0.743,143.52,0.0201
800,2011-08-25,1333.1,338.2,0.744,143.52,0.0202
801,2011-08-26,1334.63,338.1,0.746,143.52,0.0205
802,2011-08-29,1337.01,337.9,0.749,143.53,0.0208
803,2011-08-31,1339.01,337.8,0.751,143.53,0.021
804,2011-09-02,1341,337.7,0.754,143.54,0.0213
805,2011-09-02,1341.5,337.6,0.75,143.49,0.0209
806,2011-09-03,1342.13,337.6,0.751,143.5,0.021
807,2011-09-04,1343.1,337.5,0.752,143.5,0.0211
808,2011-09-05,1344.63,337.4,0.753,143.51,0.0213
809,2011-09-08,1347.01,337.3,0.756,143.52,0.0216
810,2011-09-10,1349.01,337.2,0.758,143.52,0.0218
811,2011-09-12,1351,337,0.76,143.53,0.022
812,2011-09-12,1351.5,337,0.757,143.49,0.0218
813,2011-09-13,1352.13,337,0.758,143.49,0.0218
814,2011-09-14,1353.1,336.9,0.759,143.49,0.0219
815,2011-09-15,1354.63,336.8,0.76,143.5,0.0221
816,2011-09-18,1357.01,336.7,0.763,143.51,0.0224
817,2011-09-20,1359.01,336.6,0.764,143.51,0.0226
818,2011-09-22,1361,336.4,0.766,143.52,0.0228
819,2011-09-27,1366,336.2,0.768,143.49,0.023
820,2011-10-02,1371,336.1,0.77,143.49,0.0234
821,2011-10-02,1371.5,336.1,0.778,143.53,0.0244
822,2011-10-03,1372.13,336.1,0.778,143.53,0.0245
823,2011-10-04,1373.1,336.2,0.779,143.52,0.0245
824,2011-10-05,1374.63,336.2,0.779,143.52,0.0246
825,2011-10-08,1377.01,336.3,0.78,143.51,0.0246
826,2011-10-10,1379.01,336.4,0.78,143.51,0.0247
827,2011-10-12,1381,336.5,0.781,143.5,0.0248
828,2011-10-12,1381.5,336.5,0.808,142.84,0.0294
829,2011-10-13,1382.13,336.5,0.803,142.97,0.0285
830,2011-10-14,1383.1,336.5,0.798,143.07,0.0276
831,2011-10-15,1384.63,336.6,0.791,143.18,0.0264
832,2011-10-18,1387.01,336.6,0.781,143.27,0.025
833,2011-10-20,1389.01,336.7,0.775,143.31,0.024
834,2011-10-22,1391,336.8,0.769,143.34,0.0232
835,2011-10-27,1396,337.2,0,0,0
836,2011-10-29,1398.5,337.3,0,0,0
837,2011-11-01,1401,337.5,0,0,0
838,2011-11-01,1401.5,337.5,0.72,143.54,0.0179
839,2011-11-01,1401.93,337.5,0.716,143.5,0.0176
840,2011-11-02,1402.42,337.6,0.717,143.46,0.0177
841,2011-11-03,1403.39,337.6,0.72,143.42,0.018
842,2011-11-04,1404.61,337.5,0.724,143.4,0.0183
843,2011-11-06,1406.52,337.5,0.729,143.4,0.0187
844,2011-11-08,1408.76,337.5,0.733,143.41,0.0192
845,2011-11-11,1411,337.4,0.736,143.41,0.0195
846,2011-11-11,1411.5,337.4,0.73,143.53,0.0189
847,2011-11-12,1412.13,337.4,0.734,143.53,0.0192
848,2011-11-13,1413.1,337.3,0.738,143.52,0.0196
849,2011-11-14,1414.63,337.2,0.744,143.5,0.0203
850,2011-11-17,1417.01,337.1,0.751,143.45,0.021
851,2011-11-19,1419.01,337,0.755,143.41,0.0215
852,2011-11-21,1421,336.9,0.758,143.38,0.0219
853,2011-11-21,1421.5,337,0.773,143.07,0.0238
854,2011-11-22,1422.13,337,0.771,143.09,0.0235
855,2011-11-23,1423.1,337,0.769,143.1,0.0232
856,2011-11-24,1424.63,337.1,0.765,143.12,0.0228
857,2011-11-27,1427.01,337.2,0.761,143.13,0.0223
858,2011-11-29,1429.01,337.2,0.758,143.13,0.0219
859,2011-12-01,1431,337.3,0.756,143.13,0.0216
860,2011-12-01,1431.5,337.3,0.748,142.71,0.0208
861,2011-12-02,1432.13,337.3,0.745,142.74,0.0204
862,2011-12-03,1433.1,337.3,0.741,142.78,0.02
863,2011-12-04,1434.63,337.4,0.736,142.81,0.0195
864,2011-12-07,1437.01,337.4,0.729,142.83,0.0189
865,2011-12-09,1439.01,337.5,0.725,142.84,0.0185
866,2011-12-11,1441,337.5,0.721,142.85,0.0181
867,2011-12-11,1441.5,337.5,0.722,143.21,0.0181
868,2011-12-12,1442.13,337.5,0.725,143.18,0.0184
869,2011-12-13,1443.09,337.5,0.729,143.17,0.0188
870,2011-12-14,1444.31,337.5,0.733,143.15,0.0192
871,2011-12-16,1446.21,337.5,0.738,143.12,0.0197
872,2011-12-18,1448.61,337.4,0.743,143.09,0.0202
873,2011-12-21,1451,337.4,0.747,143.06,0.0207
874,2011-12-21,1451.5,337.4,0.754,142.96,0.0215
875,2011-12-22,1452.13,337.4,0.754,142.96,0.0215
876,2011-12-23,1453.1,337.4,0.754,142.95,0.0215
877,2011-12-24,1454.63,337.5,0.754,142.95,0.0215
878,2011-12-27,1457.01,337.5,0.754,142.94,0.0214
879,2011-12-29,1459.01,337.6,0.754,142.94,0.0214
880,2011-12-31,1461,337.6,0.754,142.93,0.0214
881,2011-12-31,1461.5,337.6,0.773,142.63,0.0239
882,2012-01-01,1462.13,337.6,0.769,142.71,0.0233
883,2012-01-02,1463.1,337.6,0.764,142.78,0.0227
884,2012-01-03,1464.63,337.6,0.758,142.84,0.0219
885,2012-01-06,1467.01,337.6,0.75,142.88,0.021
886,2012-01-08,1469.01,337.6,0.745,142.89,0.0205
887,2012-01-10,1471,337.6,0.741,142.9,0.02
888,2012-01-10,1471.5,337.5,0.731,143.01,0.019
889,2012-01-11,1472.13,337.5,0.733,142.98,0.0192
890,2012-01-12,1473.1,337.4,0.734,142.96,0.0194
891,2012-01-13,1474.63,337.3,0.736,142.96,0.0195
892,2012-01-16,1477.01,337,0.738,142.96,0.0197
893,2012-01-18,1479.01,336.9,0.739,142.96,0.0198
894,2012-01-20,1481,336.7,0.74,142.96,0.0199
895,2012-01-20,1481.5,336.7,0.739,143.09,0.0198
896,2012-01-21,1482.13,336.8,0.741,143.07,0.02
897,2012-01-22,1483.1,336.9,0.744,143.06,0.0203
898,2012-01-23,1484.63,337.1,0.748,143.03,0.0207
899,2012-01-26,1487.01,337.5,0.753,142.99,0.0213
900,2012-01-28,1489.01,337.7,0.756,142.96,0.0217
901,2012-01-30,1491,338,0.759,142.93,0.022
902,2012-01-30,1491.5,338,0.757,143.75,0.0217
903,2012-01-30,1491.91,338.1,0.761,144.03,0.0221
904,2012-01-31,1492.33,338.1,0.761,144.13,0.0221
905,2012-02-01,1493.27,338.1,0.761,144.23,0.022
906,2012-02-02,1494.49,338.2,0.762,144.33,0.0222
907,2012-02-04,1496.4,338.3,0.765,144.41,0.0225
908,2012-02-06,1498.7,338.3,0.768,144.45,0.0229
909,2012-02-09,1501,338.4,0.771,144.45,0.0234
910,2012-02-13,1505.35,338.4,0.768,144.38,0.0229
911,2012-02-19,1511,338.5,0.775,144.36,0.0239
912,2012-02-24,1516,338.3,0.778,144.34,0.0242
913,2012-02-29,1521,338.1,0.781,144.33,0.0248
914,2012-03-05,1526,337.8,0.783,144.32,0.025
915,2012-03-10,1531,337.6,0.785,144.32,0.0254
916,2012-03-15,1536,337.3,0.787,144.31,0.0256
917,2012-03-20,1541,337,0.789,144.31,0.0259
918,2012-03-25,1546,337.1,0.808,144.45,0.0291
919,2012-03-30,1551,337.2,0.808,144.43,0.0292
920,2012-03-31,1552,337.1,0.784,144.19,0.0252
921,2012-04-01,1553.25,337,0.784,144.19,0.0251
922,2012-04-03,1555.2,336.9,0.785,144.19,0.0253
923,2012-04-06,1558.1,336.8,0.787,144.2,0.0256
924,2012-04-09,1561,336.7,0.788,144.2,0.0258
925,2012-04-14,1566,336.5,0.792,144.2,0.0264
926,2012-04-19,1571,336.3,0.794,144.19,0.0268
927,2012-04-24,1576,336.1,0.793,144.16,0.0266
928,2012-04-29,1581,335.8,0.794,144.16,0.0268
929,2012-05-04,1586,335.2,0.796,144.17,0.027
930,2012-05-09,1591,334.6,0.796,144.17,0.0271
931,2012-05-14,1596,334.6,0.794,144.15,0.0268
932,2012-05-19,1601,334.6,0.796,144.14,0.0271
933,2012-05-24,1606,334.3,0.796,144.12,0.0271
934,2012-05-29,1611,334.1,0.797,144.12,0.0273
935,2012-06-03,1616,333.7,0.798,144.12,0.0274
936,2012-06-08,1621,333.4,0.799,144.12,0.0276
937,2012-06-13,1626,333.2,0.802,144.13,0.0281
938,2012-06-18,1631,333,0.803,144.12,0.0282
939,2012-06-19,1632,332.9,0.803,144.11,0.0284
940,2012-06-20,1633.25,332.9,0.803,144.11,0.0284
941,2012-06-22,1635.2,332.8,0.803,144.1,0.0284
942,2012-06-25,1638.1,332.7,0.803,144.09,0.0284
943,2012-06-28,1641,332.5,0.804,144.08,0.0284
944,2012-07-03,1646,332.3,0.801,144.04,0.0279
945,2012-07-08,1651,332.2,0.802,144.02,0.0281
946,2012-07-09,1652,332.2,0.805,144.05,0.0286
947,2012-07-10,1653.25,332.2,0.805,144.04,0.0287
948,2012-07-12,1655.2,332.2,0.806,144.03,0.0288
949,2012-07-15,1658.1,332.2,0.806,144.02,0.0289
950,2012-07-18,1661,332.2,0.807,144.01,0.0291
951,2012-07-23,1666,331.6,0.808,143.99,0.0292
952,2012-07-28,1671,331,0.808,143.98,0.0293
953,2012-07-29,1672,331.1,0.808,143.97,0.0293
954,2012-07-30,1673.25,331.2,0.809,143.96,0.0294
955,2012-08-01,1675.2,331.4,0.809,143.95,0.0295
956,2012-08-04,1678.1,331.6,0.811,143.93,0.0298
957,2012-08-07,1681,331.9,0.812,143.91,0.03
958,2012-08-12,1686,332,0.815,143.85,0.0307
959,2012-08-17,1691,332.1,0.81,143.81,0.0297
960,2012-08-22,1696,332.5,0,0,0
961,2012-08-24,1698.5,332.8,0,0,0
962,2012-08-27,1701,333,0,0,0
963,2012-08-30,1704.94,333.4,0,0,0
964,2012-09-02,1707.97,333.6,0,0,0
965,2012-09-06,1711,333.9,0,0,0
966,2012-09-10,1715.26,334.4,0,0,0
967,2012-09-13,1718.13,334.7,0,0,0
968,2012-09-16,1721,335.1,0,0,0
969,2012-09-20,1725.88,335.4,0,0,0
970,2012-09-23,1728.44,335.5,0,0,0
971,2012-09-26,1731,335.7,0,0,0
972,2012-09-26,1731.44,335.7,0.627,144.75,0.0116
973,2012-09-26,1731.76,335.7,0.657,144.74,0.0133
974,2012-09-27,1732.07,335.7,0.676,144.63,0.0144
975,2012-09-27,1732.73,335.7,0.686,144.24,0.0151
976,2012-09-28,1733.72,335.8,0.686,143.78,0.0152
977,2012-09-30,1735.02,335.8,0.688,143.46,0.0154
978,2012-10-01,1736.69,335.8,0.695,143.28,0.0159
979,2012-10-03,1738.84,335.9,0.705,143.18,0.0167
980,2012-10-06,1741,335.9,0.716,143.12,0.0176
981,2012-10-09,1744.78,335.6,0.741,143.11,0.02
982,2012-10-12,1747.89,335.3,0.753,143.05,0.0214
983,2012-10-16,1751,335,0.762,143.01,0.0223
984,2012-10-21,1756,334,0.778,143.1,0.0245
985,2012-10-26,1761,333,0.778,143.11,0.0245
986,2012-10-31,1766,330.1,0.76,142.99,0.0222
987,2012-11-02,1768.5,328.7,0.763,143.04,0.0225
988,2012-11-05,1771,327.3,0.766,143.09,0.0229
989,2012-11-10,1776,329.9,0.776,143.08,0.0243
990,2012-11-12,1778.5,331.2,0.782,143.08,0.0251
991,2012-11-15,1781,332.6,0.788,143.08,0.026
992,2012-11-18,1784.65,332.6,0.794,143.11,0.0269
993,2012-11-21,1787.83,332.7,0.797,143.13,0.0274
994,2012-11-25,1791,332.7,0.8,143.15,0.0279
995,2012-11-30,1796,332.7,0.803,143.17,0.0285
996,2012-12-05,1801,332.7,0.806,143.19,0.0291
997,2012-12-10,1806,332.7,0.808,143.18,0.0294
998,2012-12-15,1811,332.6,0.808,143.19,0.0294
999,2012-12-20,1816,333,0.809,143.18,0.0295
1000,2012-12-25,1821,333.4,0.811,143.18,0.0299
1001,2012-12-30,1826,333.1,0.809,143.17,0.0295
1002,2013-01-04,1831,332.7,0.81,143.19,0.0299
1003,2013-01-09,1836,332,0.816,143.25,0.031
1004,2013-01-14,1841,331.3,0.817,143.27,0.0311
1005,2013-01-19,1846,332.3,0.819,143.24,0.0316
1006,2013-01-24,1851,333.3,0.822,143.21,0.0322
1007,2013-01-29,1856,333.6,0.824,143.2,0.0328
1008,2013-02-03,1861,333.8,0.826,143.17,0.0331
1009,2013-02-04,1862,333.9,0.824,143.15,0.0328
1010,2013-02-05,1863.25,333.9,0.825,143.15,0.0328
1011,2013-02-07,1865.2,334,0.825,143.14,0.033
1012,2013-02-10,1868.1,334,0.826,143.12,0.0332
1013,2013-02-13,1871,334.1,0.827,143.11,0.0334
1014,2013-02-18,1876,334.3,0.829,143.09,0.0338
1015,2013-02-23,1881,334.4,0.83,143.07,0.0341
1016,2013-02-24,1882,334.4,0.829,143.05,0.0339
1017,2013-02-25,1883.25,334.4,0.83,143.05,0.034
1018,2013-02-27,1885.2,334.5,0.83,143.04,0.0341
1019,2013-03-02,1888.1,334.5,0.831,143.02,0.0343
1020,2013-03-05,1891,334.5,0.831,143.01,0.0345
1021,2013-03-05,1891.5,334.5,0.833,142.6,0.0351
1022,2013-03-06,1892.13,334.5,0.832,142.68,0.0347
1023,2013-03-07,1893.1,334.5,0.83,142.76,0.0342
1024,2013-03-08,1894.63,334.4,0.826,142.82,0.0332
1025,2013-03-11,1897.01,334.5,0.819,142.83,0.0317
1026,2013-03-13,1899.01,334.5,0.814,142.83,0.0306
1027,2013-03-15,1901,334.5,0.809,142.82,0.0296
1028,2013-03-19,1905.93,335.3,0.721,141.99,0.0182
1029,2013-03-25,1911,336.1,0.715,141.95,0.0177
1030,2013-03-30,1916,337.2,0.791,142.84,0.0265
1031,2013-04-01,1918.5,337.7,0.799,142.72,0.0278
1032,2013-04-04,1921,338.3,0.803,142.64,0.0286
1033,2013-04-09,1926,339.1,0.803,142.53,0.0286
1034,2013-04-14,1931,340,0.799,142.48,0.0279
1035,2013-04-19,1936,340,0.814,142.55,0.0308
1036,2013-04-21,1938.5,340,0.819,142.51,0.0318
1037,2013-04-24,1941,340,0.823,142.5,0.0327
1038,2013-04-29,1946,339.6,0.828,142.5,0.0337
1039,2013-05-04,1951,339.3,0.831,142.53,0.0345
1040,2013-05-05,1952,339.3,0.832,142.54,0.0347
1041,2013-05-06,1953.25,339.3,0.833,142.54,0.0349
1042,2013-05-08,1955.2,339.3,0.834,142.55,0.0352
1043,2013-05-11,1958.1,339.4,0.836,142.57,0.0356
1044,2013-05-14,1961,339.4,0.837,142.58,0.0361
1045,2013-05-19,1966,336.5,0.835,142.6,0.0355
1046,2013-05-21,1968.5,335,0.834,142.62,0.0352
1047,2013-05-24,1971,333.5,0.833,142.65,0.0349
1048,2013-05-28,1975.18,335.4,0.838,142.66,0.0364
1049,2013-05-31,1978.09,336.7,0.841,142.63,0.0372
1050,2013-06-03,1981,338,0.844,142.6,0.038
1051,2013-06-07,1985.62,338,0.844,142.54,0.038
1052,2013-06-13,1991,338,0.846,142.51,0.0385
1053,2013-06-14,1992,338.1,0.848,142.51,0.0391
1054,2013-06-15,1993.25,338.1,0.848,142.51,0.0392
1055,2013-06-17,1995.2,338.2,0.848,142.5,0.0392
1056,2013-06-20,1998.1,338.3,0.848,142.48,0.0393
1057,2013-06-23,2001,338.5,0.849,142.46,0.0394
1058,2013-06-28,2006,339.3,0.839,142.24,0.0368
1059,2013-06-30,2008.5,339.7,0.838,142.23,0.0363
1060,2013-07-03,2011,340.2,0.836,142.21,0.0358
1061,2013-07-08,2016,340.3,0.845,142.31,0.0383
1062,2013-07-10,2018.5,340.4,0.846,142.27,0.0387
1063,2013-07-13,2021,340.4,0.848,142.25,0.0391
1064,2013-07-18,2026,340.9,0.854,142.3,0.0413
1065,2013-07-23,2031,341.4,0.855,142.27,0.0416
1066,2013-07-24,2032,341.3,0.787,137.45,0.0269
1067,2013-07-25,2033.25,341.3,0.786,137.72,0.0266
1068,2013-07-27,2035.2,341.1,0.783,138.06,0.0262
1069,2013-07-30,2038.1,341,0.78,138.19,0.0256
1070,2013-08-02,2041,340.8,0.777,138.22,0.0252
1071,2013-08-06,2045.49,340.7,0.769,136.48,0.0244
1072,2013-08-09,2048.24,340.6,0.772,136.52,0.0248
1073,2013-08-12,2051,340.6,0.775,136.58,0.0252
1074,2013-08-16,2055.5,340.4,0.775,136.33,0.0252
1075,2013-08-22,2061,340.2,0.78,136.37,0.026
1076,2013-08-27,2066,340.6,0.818,138.26,0.0325
1077,2013-09-01,2071,340.9,0.82,138.17,0.033
1078,2013-09-06,2076,340.3,0.797,136.76,0.0288
1079,2013-09-11,2081,339.7,0.798,136.75,0.0289
1080,2013-09-16,2086,339.9,0.787,136.86,0.0269
1081,2013-09-21,2091,340.2,0.784,136.82,0.0265
1082,2013-09-21,2091.5,340.2,0.779,136.28,0.0258
1083,2013-09-22,2092.13,340.2,0.779,136.21,0.0258
1084,2013-09-23,2093.1,340.3,0.778,136.14,0.0258
1085,2013-09-24,2094.63,340.4,0.779,136.07,0.0259
1086,2013-09-27,2097.01,340.5,0.781,136.02,0.0262
1087,2013-09-29,2099.01,340.6,0.782,136,0.0264
1088,2013-10-01,2101,340.6,0.783,135.98,0.0265
1089,2013-10-06,2106,340.1,0.779,135.22,0.0261
1090,2013-10-08,2108.5,339.8,0.781,135.05,0.0264
1091,2013-10-11,2111,339.5,0.782,134.86,0.0266
1092,2013-10-16,2116,339.6,0.785,134.77,0.0271
1093,2013-10-21,2121,339.6,0.786,134.62,0.0273
1094,2013-10-26,2126,338.9,0.786,134.38,0.0274
1095,2013-10-31,2131,338.3,0.786,134.3,0.0273
1096,2013-11-05,2136,338.6,0.757,133.47,0.0234
1097,2013-11-10,2141,339,0.758,133.43,0.0235
1098,2013-11-15,2146,339.2,0.783,133.91,0.027
1099,2013-11-20,2151,339.3,0.786,133.79,0.0274
1100,2013-11-25,2156,339.2,0.787,133.65,0.0276
1101,2013-11-30,2161,339.1,0.789,133.58,0.0279
1102,2013-12-05,2166,338.9,0.787,133.49,0.0277
1103,2013-12-10,2171,338.7,0.788,133.45,0.0278
1104,2013-12-15,2176,339.4,0.789,133.31,0.0281
1105,2013-12-20,2181,340.1,0.789,133.28,0.0281
1106,2013-12-25,2186,340.8,0.788,133.26,0.0279
1107,2013-12-27,2188.5,341.1,0.789,133.22,0.028
1108,2013-12-30,2191,341.4,0.789,133.2,0.0282
1109,2014-01-03,2195.59,341.9,0.791,133.26,0.0284
1110,2014-01-06,2198.3,342.2,0.791,133.27,0.0283
1111,2014-01-07,2199.65,342.3,0.79,133.27,0.0283
1112,2014-01-09,2201,342.5,0.79,133.28,0.0283
1113,2014-01-11,2203.32,342.7,0.778,132.86,0.0264
1114,2014-01-13,2205.66,342.9,0.778,132.88,0.0264
1115,2014-01-16,2208,343.2,0.779,132.91,0.0265
1116,2014-01-17,2209,343.1,0.747,131.65,0.0224
1117,2014-01-19,2211,343.1,0.752,131.86,0.023
1118,2014-01-22,2214.42,343.5,0.673,131.03,0.0157
1119,2014-01-25,2217.61,344.1,0.672,130.51,0.0157
1120,2014-01-29,2221,344.7,0.672,129.99,0.0158
1121,2014-02-02,2225.65,343.9,0.761,131.6,0.0242
1122,2014-02-05,2228.32,343.4,0.761,131.49,0.0242
1123,2014-02-08,2231,342.8,0.76,131.38,0.0241
1124,2014-02-12,2235.83,343,0.757,130.8,0.0238
1125,2014-02-18,2241,343.3,0.758,130.32,0.024
1126,2014-02-23,2246,342.2,0.763,130.63,0.0247
1127,2014-02-28,2251,341.1,0.765,130.45,0.025
1128,2014-03-05,2256,340.5,0.764,130.44,0.0249
1129,2014-03-10,2261,340,0.766,130.32,0.0252
1130,2014-03-15,2266,339.4,0.766,130.28,0.0252
1131,2014-03-20,2271,338.9,0.768,130.19,0.0254
1132,2014-03-25,2276,340,0.781,130.87,0.0273
1133,2014-03-30,2281,341.2,0.78,130.95,0.0271
1134,2014-04-04,2286,341.7,0.774,130.57,0.0262
1135,2014-04-09,2291,342.1,0.776,130.46,0.0265
1136,2014-04-14,2296,342.3,0.776,130.21,0.0267
1137,2014-04-19,2301,342.6,0.779,130.11,0.027
1138,2014-04-22,2304,342.7,0.77,129.74,0.0258
1139,2014-04-23,2305,342.5,0.722,133.93,0.0194
1140,2014-04-24,2306,342.2,0.701,135.36,0.0173
1141,2014-04-25,2307,341.7,0.686,136.28,0.016
1142,2014-04-26,2308,341.4,0.697,135.69,0.0169
1143,2014-04-27,2309,341,0.698,135.62,0.0171
1144,2014-04-29,2311,340.4,0.705,135.33,0.0176
1145,2014-05-01,2313.93,340.1,0.724,134.07,0.0195
1146,2014-05-05,2317.26,339.9,0.727,133.95,0.0198
1147,2014-05-09,2321,339.6,0.729,133.86,0.0201
1148,2014-05-12,2324.85,336.2,0.665,133.35,0.0149
1149,2014-05-15,2327.92,333.5,0.661,133.41,0.0146
1150,2014-05-19,2331,330.8,0.656,133.46,0.0143
1151,2014-05-24,2336,335.1,0.651,133.06,0.014
1152,2014-05-26,2338.5,337.2,0.654,133.04,0.0142
1153,2014-05-29,2341,339.3,0.658,133.02,0.0144
1154,2014-06-01,2344.57,339.8,0.752,133.28,0.0228
1155,2014-06-04,2347.79,340.1,0.755,133.16,0.0232
1156,2014-06-08,2351,340.5,0.758,133.08,0.0235
1157,2014-06-13,2356,340.2,0.752,133.21,0.0228
1158,2014-06-18,2361,339.9,0.754,133.23,0.023
1159,2014-06-23,2366,339.4,0.757,133.02,0.0234
1160,2014-06-28,2371,339,0.757,133.17,0.0235
1161,2014-07-03,2376,339.4,0.761,133.19,0.0239
1162,2014-07-08,2381,339.8,0.763,133.28,0.0242
1163,2014-07-13,2386,338.8,0.759,133.16,0.0237
1164,2014-07-18,2391,337.9,0.759,133.2,0.0237
1165,2014-07-23,2396,338.8,0.764,133.06,0.0243
1166,2014-07-28,2401,339.8,0.765,133.05,0.0245
1167,2014-08-02,2406,339.9,0.771,133.31,0.0253
1168,2014-08-02,2406.5,339.9,0.771,133.32,0.0253
1169,2014-08-03,2407.13,339.9,0.772,133.33,0.0253
1170,2014-08-04,2408.1,340,0.772,133.33,0.0254
1171,2014-08-05,2409.55,340,0.772,133.33,0.0254
1172,2014-08-07,2411,340,0.773,133.33,0.0255
1173,2014-08-10,2414.73,340.2,0.776,133.39,0.026
1174,2014-08-13,2417.86,340.3,0.777,133.37,0.0261
1175,2014-08-17,2421,340.4,0.778,133.36,0.0263
1176,2014-08-22,2426,341.3,0.84,132.7,0.0394
1177,2014-08-24,2428.5,341.7,0.837,132.69,0.0386
1178,2014-08-27,2431,342.1,0.834,132.69,0.0378
1179,2014-08-27,2431.5,342.3,0.837,132.95,0.0388
1180,2014-08-28,2432.13,342.5,0.836,132.9,0.0384
1181,2014-08-29,2433.03,342.7,0.834,132.93,0.0377
1182,2014-08-30,2434.25,343.1,0.832,132.89,0.0374
1183,2014-09-01,2436.15,343.6,0.831,132.94,0.0371
1184,2014-09-03,2438.58,344.3,0.833,132.91,0.0374
1185,2014-09-06,2441,345,0.833,132.99,0.0375
1186,2014-09-11,2446,344.9,0.763,132.74,0.0242
1187,2014-09-13,2448.5,344.9,0.764,132.74,0.0244
1188,2014-09-16,2451,344.9,0.766,132.7,0.0246
1189,2014-09-16,2451.5,344.9,0.775,132.54,0.026
1190,2014-09-17,2452.13,344.9,0.776,132.53,0.0261
1191,2014-09-18,2453.1,344.9,0.776,132.52,0.0262
1192,2014-09-19,2454.63,345,0.777,132.53,0.0263
1193,2014-09-22,2457.01,345,0.778,132.58,0.0265
1194,2014-09-24,2459.01,345,0.779,132.68,0.0266
1195,2014-09-26,2461,345.1,0.78,132.78,0.0268
1196,2014-09-26,2461.5,345.1,0.793,132.11,0.0289
1197,2014-09-27,2462.13,345.1,0.793,132.06,0.029
1198,2014-09-28,2463.1,345.1,0.794,132.01,0.0291
1199,2014-09-29,2464.63,345.2,0.794,131.99,0.0292
1200,2014-10-02,2467.01,345.3,0.794,132,0.0292
1201,2014-10-04,2469.01,345.3,0.794,132.03,0.0292
1202,2014-10-06,2471,345.4,0.794,132.05,0.0291
1203,2014-10-06,2471.5,345.4,0.783,132.85,0.0272
1204,2014-10-07,2472.13,345.4,0.783,132.94,0.0271
1205,2014-10-08,2473.1,345.4,0.783,133.03,0.0271
1206,2014-10-09,2474.63,345.4,0.783,133.1,0.0271
1207,2014-10-12,2477.01,345.5,0.784,133.14,0.0272
1208,2014-10-14,2479.01,345.5,0.785,133.15,0.0274
1209,2014-10-16,2481,345.5,0.785,133.15,0.0275
1210,2014-10-16,2481.5,345.6,0.786,133.16,0.0275
1211,2014-10-17,2482.13,345.6,0.786,133.12,0.0276
1212,2014-10-18,2483.1,345.7,0.786,133.08,0.0277
1213,2014-10-19,2484.63,345.9,0.787,133.05,0.0278
1214,2014-10-22,2487.01,346.2,0.788,133.04,0.0279
1215,2014-10-24,2489.01,346.4,0.789,133.04,0.0281
1216,2014-10-26,2491,346.7,0.789,133.04,0.0282
1217,2014-10-26,2491.5,346.7,0.789,132.97,0.0281
1218,2014-10-27,2492.13,346.8,0.789,133.02,0.0281
1219,2014-10-28,2493.1,346.8,0.789,133.05,0.0282
1220,2014-10-29,2494.63,347,0.79,133.08,0.0282
1221,2014-11-01,2497.01,347.2,0.79,133.09,0.0283
1222,2014-11-03,2499.01,347.3,0.791,133.1,0.0284
1223,2014-11-05,2501,347.5,0.791,133.1,0.0285
1224,2014-11-05,2501.5,347.5,0.797,133.08,0.0295
1225,2014-11-06,2502.13,347.6,0.797,133.11,0.0295
1226,2014-11-07,2503.1,347.7,0.797,133.13,0.0295
1227,2014-11-08,2504.63,347.8,0.797,133.15,0.0295
1228,2014-11-11,2507.01,348,0.798,133.15,0.0296
1229,2014-11-13,2509.01,348.2,0.798,133.16,0.0297
1230,2014-11-15,2511,348.3,0.799,133.16,0.0298
1231,2014-11-15,2511.5,348.2,0.8,132.88,0.0301
1232,2014-11-16,2512.13,348,0.8,132.87,0.0301
1233,2014-11-17,2513.1,347.7,0.8,132.86,0.0301
1234,2014-11-18,2514.63,347.3,0.799,132.86,0.03
1235,2014-11-21,2517.01,346.6,0.798,132.86,0.0298
1236,2014-11-23,2519.01,346,0.798,132.87,0.0297
1237,2014-11-25,2521,345.4,0.797,132.88,0.0296
1238,2014-11-28,2524,346.6,0.828,133.66,0.0359
1239,2014-11-30,2526.6,347.6,0.825,133.64,0.0353
1240,2014-12-02,2528.8,348.5,0.823,133.79,0.0347
1241,2014-12-05,2531,349.4,0.819,133.64,0.0338
1242,2014-12-07,2533.87,350.3,0.838,135.74,0.0382
1243,2014-12-11,2537.44,351.4,0.832,135.7,0.0366
1244,2014-12-15,2541,352.5,0.827,135.61,0.0352
1245,2014-12-19,2545.59,354.1,0.809,134.48,0.0315
1246,2014-12-22,2548.3,354.9,0.808,134.42,0.0313
1247,2014-12-25,2551,355.7,0.807,134.39,0.0312
1248,2014-12-28,2554.5,355.7,0.78,133.1,0.0266
1249,2015-01-01,2558,355.8,0.778,133.13,0.0264
1250,2015-01-04,2561,355.8,0.778,133.16,0.0262
1251,2015-01-04,2561.38,355.6,0.5,142.21,0.007
1252,2015-01-04,2561.86,355.4,0.502,142.2,0.0071
1253,2015-01-05,2562.6,355,0.503,142.2,0.0071
1254,2015-01-06,2563.77,354.4,0.505,142.18,0.0072
1255,2015-01-08,2565.59,353.5,0.508,142.1,0.0073
1256,2015-01-11,2568.29,352.3,0.513,141.95,0.0074
1257,2015-01-14,2571,351.1,0.517,141.78,0.0075
1258,2015-01-17,2574.51,350,0.529,141.2,0.008
1259,2015-01-20,2577.76,348.9,0.531,141.03,0.008
1260,2015-01-24,2581,347.9,0.532,140.86,0.0081
1261,2015-01-29,2586,346.5,0.52,140.72,0.0077
1262,2015-01-31,2588.5,345.7,0.522,140.61,0.0078
1263,2015-02-01,2589.75,345.4,0.522,140.54,0.0078
1264,2015-02-03,2591,345,0.524,140.47,0.0078
1265,2015-02-06,2594.75,346.3,0.571,140.92,0.0094
1266,2015-02-09,2597.88,347.4,0.576,140.85,0.0096
1267,2015-02-13,2601,348.5,0.581,140.8,0.0099
1268,2015-02-13,2601.5,348.6,0.537,141.04,0.0082
1269,2015-02-14,2602.13,348.8,0.539,141,0.0083
1270,2015-02-15,2603.1,349.1,0.541,140.97,0.0084
1271,2015-02-16,2604.63,349.5,0.545,140.94,0.0085
1272,2015-02-19,2607.01,350.1,0.552,140.91,0.0087
1273,2015-02-21,2609.01,350.7,0.558,140.89,0.0089
1274,2015-02-23,2611,351.2,0.563,140.87,0.0091
1275,2015-02-27,2615.64,351,0.591,139.94,0.0103
1276,2015-02-28,2616.17,350.9,0.594,139.89,0.0105
1277,2015-02-28,2616.84,350.9,0.59,139.96,0.0103
1278,2015-03-01,2617.89,350.8,0.593,139.9,0.0104
1279,2015-03-03,2619.45,350.8,0.597,139.84,0.0106
1280,2015-03-05,2621,350.7,0.6,139.76,0.0107
1281,2015-03-08,2624.2,350.9,0.602,137.83,0.011
1282,2015-03-10,2626.61,351.1,0.609,137.67,0.0113
1283,2015-03-12,2628.72,351.2,0.614,137.54,0.0116
1284,2015-03-15,2631,351.3,0.62,137.41,0.0119
1285,2015-03-15,2631.5,351.3,0.578,136.65,0.01
1286,2015-03-16,2632.13,351.2,0.58,136.73,0.0101
1287,2015-03-17,2633.1,351.1,0.583,136.75,0.0102
1288,2015-03-18,2634.63,350.9,0.586,136.76,0.0103
1289,2015-03-21,2637.01,350.6,0.591,136.75,0.0106
1290,2015-03-23,2639.01,350.4,0.594,136.73,0.0107
1291,2015-03-25,2641,350.2,0.598,136.71,0.0109
1292,2015-03-25,2641.5,350,0.567,137.24,0.0095
1293,2015-03-26,2642.13,349.8,0.569,137.22,0.0096
1294,2015-03-27,2643.1,349.5,0.571,137.2,0.0097
1295,2015-03-28,2644.63,348.9,0.574,137.16,0.0098
1296,2015-03-31,2647.01,348.1,0.58,137.1,0.0101
1297,2015-04-02,2649.01,347.5,0.583,137.07,0.0102
1298,2015-04-04,2651,346.8,0.587,137.03,0.0104
1299,2015-04-09,2656,347.1,0.609,134.77,0.0115
1300,2015-04-11,2658.5,347.2,0.613,134.74,0.0118
1301,2015-04-12,2659.75,347.3,0.615,134.73,0.0119
1302,2015-04-14,2661,347.3,0.617,134.73,0.012
1303,2015-04-17,2664.75,348.7,0.619,135.71,0.012
1304,2015-04-20,2667.88,349.8,0.625,135.84,0.0123
1305,2015-04-24,2671,350.9,0.631,135.91,0.0126
1306,2015-04-24,2671.5,350.6,0.594,137.49,0.0106
1307,2015-04-25,2672.13,350.3,0.596,137.5,0.0107
1308,2015-04-26,2673.1,349.9,0.598,137.52,0.0108
1309,2015-04-27,2674.63,349.2,0.6,137.52,0.0109
1310,2015-04-30,2677.01,348.1,0.603,137.5,0.011
1311,2015-05-02,2679.01,347.2,0.605,137.48,0.0111
1312,2015-05-04,2681,346.3,0.607,137.44,0.0112
1313,2015-05-09,2686,346.2,0.647,134.59,0.0136
1314,2015-05-11,2688.5,346.1,0.649,134.57,0.0138
1315,2015-05-12,2689.75,346,0.65,134.57,0.0138
1316,2015-05-14,2691,346,0.651,134.57,0.0139
1317,2015-05-17,2694.75,345.8,0.657,134.95,0.0142
1318,2015-05-20,2697.88,345.5,0.658,134.98,0.0142
1319,2015-05-24,2701,345.3,0.659,135,0.0143
1320,2015-05-29,2706,344.2,0.658,136.19,0.0142
1321,2015-06-03,2711,343,0.662,136.12,0.0144
1322,2015-06-08,2716,342.8,0.677,135.85,0.0154
1323,2015-06-13,2721,342.7,0.677,135.9,0.0154
1324,2015-06-18,2726,343.9,0.661,138.37,0.0141
1325,2015-06-20,2728.5,344.6,0.666,138.3,0.0144
1326,2015-06-23,2731,345.2,0.67,138.24,0.0147
1327,2015-06-28,2736,346,0.669,138.44,0.0146
1328,2015-06-28,2736.5,346.1,0.67,138.45,0.0147
1329,2015-06-29,2737.13,346.2,0.671,138.44,0.0147
1330,2015-06-30,2738.1,346.3,0.673,138.42,0.0149
1331,2015-07-01,2739.55,346.6,0.675,138.39,0.015
1332,2015-07-03,2741,346.8,0.677,138.37,0.0152
1333,2015-07-06,2744.73,346.5,0.694,135.65,0.0167
1334,2015-07-09,2747.13,346.3,0.696,135.63,0.0168
1335,2015-07-10,2748.95,346.1,0.696,135.61,0.0169
1336,2015-07-13,2751,345.9,0.697,135.57,0.017
1337,2015-07-18,2756,346.3,0.705,135.37,0.0176
1338,2015-07-20,2758.5,346.5,0.705,135.4,0.0177
1339,2015-07-23,2761,346.6,0.706,135.4,0.0178
1340,2015-07-23,2761.5,346.5,0.676,138.09,0.0151
1341,2015-07-24,2762.13,346.4,0.677,138.06,0.0152
1342,2015-07-25,2763.08,346.2,0.678,138.06,0.0152
1343,2015-07-26,2764.2,345.9,0.678,138.06,0.0153
1344,2015-07-27,2765.56,345.6,0.679,138.05,0.0153
1345,2015-07-28,2766.99,345.3,0.681,138.04,0.0154
1346,2015-07-30,2768.79,345,0.682,138.03,0.0156
1347,2015-07-31,2769.89,344.7,0.683,138.02,0.0156
1348,2015-08-02,2771,344.5,0.685,138.01,0.0157
1349,2015-08-03,2772.58,344.4,0.705,137.33,0.0174
1350,2015-08-05,2774.67,344.1,0.706,137.33,0.0175
1351,2015-08-08,2777.1,343.9,0.707,137.33,0.0176
1352,2015-08-10,2779.05,343.7,0.708,137.33,0.0177
1353,2015-08-12,2781,343.5,0.71,137.33,0.0178
1354,2015-08-13,2782.5,343.8,0.724,135.71,0.0193
1355,2015-08-14,2783.25,343.9,0.725,135.59,0.0194
1356,2015-08-14,2783.62,343.9,0.725,135.58,0.0194
1357,2015-08-15,2784,344,0.725,135.54,0.0194
1358,2015-08-16,2785.12,344.1,0.71,136.9,0.0179
1359,2015-08-17,2786.12,344.2,0.715,136.62,0.0184
1360,2015-08-18,2787.08,344.4,0.713,136.92,0.0182
1361,2015-08-20,2789.04,344.6,0.717,136.67,0.0186
1362,2015-08-22,2791,344.9,0.722,136.52,0.019
1363,2015-08-25,2794.33,345,0.755,140.23,0.022
1364,2015-08-28,2797.66,345.1,0.749,139.91,0.0213
1365,2015-09-01,2801,345.3,0.75,139.18,0.0216
1366,2015-09-01,2801.5,345.2,0.673,139.16,0.0148
1367,2015-09-02,2802.13,345.2,0.679,138.98,0.0152
1368,2015-09-03,2803.1,345.1,0.68,138.98,0.0153
1369,2015-09-04,2804.63,345,0.681,138.97,0.0153
1370,2015-09-07,2807.01,344.9,0.684,138.92,0.0156
1371,2015-09-09,2809.01,344.8,0.687,138.89,0.0158
1372,2015-09-11,2811,344.7,0.691,138.87,0.0161
1373,2015-09-15,2815.83,343.7,0.689,139.69,0.0159
1374,2015-09-21,2821,342.6,0.697,139.66,0.0165
1375,2015-09-26,2826,343.4,0.739,136.44,0.0207
1376,2015-09-28,2828.5,343.8,0.741,136.47,0.021
1377,2015-09-29,2829.75,344,0.742,136.48,0.0211
1378,2015-10-01,2831,344.2,0.743,136.47,0.0212
1379,2015-10-04,2834.75,344.7,0.745,135.95,0.0215
1380,2015-10-07,2837.88,345.1,0.749,135.98,0.0219
1381,2015-10-11,2841,345.5,0.752,136.01,0.0223
1382,2015-10-11,2841.5,345.3,0.731,137.67,0.0197
1383,2015-10-12,2842.13,345.1,0.731,137.71,0.0197
1384,2015-10-13,2843.1,344.8,0.731,137.76,0.0197
1385,2015-10-14,2844.63,344.3,0.732,137.79,0.0198
1386,2015-10-17,2847.01,343.6,0.733,137.82,0.0199
1387,2015-10-19,2849.01,343,0.735,137.83,0.0201
1388,2015-10-21,2851,342.4,0.736,137.84,0.0202
1389,2015-10-21,2851.5,342.4,0.762,142.06,0.0225
1390,2015-10-22,2852.13,342.4,0.759,142,0.0222
1391,2015-10-23,2853.1,342.5,0.759,141.94,0.0222
1392,2015-10-24,2854.63,342.6,0.759,141.88,0.0222
1393,2015-10-27,2857.01,342.8,0.761,141.78,0.0224
1394,2015-10-29,2859.01,342.9,0.762,141.71,0.0226
1395,2015-10-31,2861,343,0.763,141.63,0.0227
1396,2015-10-31,2861.5,343.1,0.774,136.82,0.0251
1397,2015-11-01,2862.02,343.3,0.776,136.81,0.0254
1398,2015-11-01,2862.61,343.4,0.777,136.83,0.0254
1399,2015-11-02,2863.58,343.7,0.778,136.8,0.0256
1400,2015-11-04,2865.11,344.1,0.779,136.8,0.0258
1401,2015-11-06,2867.49,344.8,0.781,136.82,0.0261
1402,2015-11-10,2871,345.8,0.784,136.84,0.0265
1403,2015-11-10,2871.5,345.9,0.743,134.74,0.0214
1404,2015-11-11,2872.13,346.1,0.747,134.56,0.022
1405,2015-11-12,2873.1,346.3,0.749,134.51,0.0222
1406,2015-11-13,2874.63,346.7,0.751,134.45,0.0225
1407,2015-11-16,2877.01,347.2,0.755,134.39,0.0229
1408,2015-11-18,2879.01,347.7,0.757,134.36,0.0232
1409,2015-11-20,2881,348.1,0.759,134.32,0.0235
1410,2015-11-20,2881.45,347.9,0.728,137.38,0.0195
1411,2015-11-21,2882.01,347.7,0.73,137.28,0.0197
1412,2015-11-21,2882.88,347.3,0.731,137.29,0.0198
1413,2015-11-23,2884.24,346.7,0.732,137.32,0.0199
1414,2015-11-25,2886.37,345.8,0.733,137.32,0.02
1415,2015-11-27,2888.69,344.8,0.735,137.3,0.0202
1416,2015-11-30,2891,343.9,0.737,137.27,0.0204
1417,2015-11-30,2891.47,344.1,0.745,136.84,0.0214
1418,2015-12-01,2892.06,344.3,0.745,136.86,0.0213
1419,2015-12-01,2892.98,344.7,0.747,136.82,0.0215
1420,2015-12-03,2894.41,345.3,0.748,136.87,0.0217
1421,2015-12-05,2896.66,346.2,0.752,136.85,0.0222
1422,2015-12-07,2898.83,347.1,0.755,136.88,0.0225
1423,2015-12-10,2901,347.9,0.759,136.88,0.023
1424,2015-12-14,2905.18,347.1,0.776,134.76,0.0258
1425,2015-12-14,2905.47,347,0.778,134.71,0.026
1426,2015-12-14,2905.84,346.9,0.778,134.75,0.026
1427,2015-12-15,2906.41,346.8,0.778,134.75,0.026
1428,2015-12-16,2907.29,346.6,0.779,134.73,0.0262
1429,2015-12-17,2908.68,346.3,0.78,134.69,0.0263
1430,2015-12-18,2909.84,346.1,0.781,134.65,0.0264
1431,2015-12-20,2911,345.9,0.781,134.61,0.0266
1432,2015-12-23,2914.48,345.6,0.789,134.6,0.0277
1433,2015-12-26,2917.74,345.4,0.79,134.57,0.0279
1434,2015-12-27,2918.07,345.4,0.789,134.58,0.0278
1435,2015-12-27,2918.47,345.4,0.789,134.56,0.0279
1436,2015-12-28,2919.11,345.4,0.79,134.54,0.028
1437,2015-12-29,2920.06,345.3,0.791,134.53,0.0281
1438,2015-12-30,2921,345.2,0.791,134.52,0.0281
1439,2016-01-01,2923.43,345.9,0.783,136.22,0.0264
1440,2016-01-01,2923.67,346,0.784,136.22,0.0266
1441,2016-01-01,2923.96,346.1,0.784,136.22,0.0266
1442,2016-01-02,2924.43,346.2,0.784,136.26,0.0266
1443,2016-01-03,2925.16,346.4,0.784,136.28,0.0266
1444,2016-01-04,2926.29,346.8,0.784,136.31,0.0267
1445,2016-01-06,2928.06,347.3,0.786,136.34,0.0269
1446,2016-01-07,2929.53,347.7,0.787,136.35,0.027
1447,2016-01-09,2931,348.1,0.787,136.38,0.0271
1448,2016-01-09,2931.44,348.1,0.771,137.07,0.0246
1449,2016-01-09,2931.99,348.1,0.773,137.05,0.0249
1450,2016-01-10,2932.85,348.1,0.774,137.03,0.025
1451,2016-01-12,2934.2,348.1,0.775,137,0.0252
1452,2016-01-14,2936.3,348.1,0.777,136.96,0.0254
1453,2016-01-16,2938.65,348.1,0.779,136.94,0.0257
1454,2016-01-19,2941,348.1,0.781,136.91,0.026
1455,2016-01-19,2941.5,348,0.807,133.97,0.0311
1456,2016-01-20,2942.1,347.9,0.798,134.88,0.0293
1457,2016-01-20,2942.73,347.8,0.798,134.77,0.0292
1458,2016-01-21,2943.71,347.6,0.798,134.79,0.0294
1459,2016-01-23,2945.24,347.3,0.799,134.83,0.0295
1460,2016-01-25,2947.62,346.8,0.8,134.85,0.0296
1461,2016-01-25,2947.96,346.8,0.8,134.85,0.0296
1462,2016-01-26,2948.38,346.7,0.8,134.85,0.0296
1463,2016-01-27,2949.04,346.6,0.8,134.85,0.0296
1464,2016-01-28,2950.02,346.4,0.8,134.84,0.0296
1465,2016-01-29,2951,346.2,0.8,134.82,0.0297
1466,2016-01-31,2953.52,346.1,0.801,134.58,0.03
1467,2016-02-04,2957.26,345.9,0.802,134.53,0.0301
1468,2016-02-04,2957.63,345.8,0.802,134.53,0.0301
1469,2016-02-05,2958.1,345.8,0.802,134.53,0.0301
1470,2016-02-05,2958.83,345.8,0.802,134.51,0.0301
1471,2016-02-06,2959.92,345.7,0.803,134.49,0.0302
1472,2016-02-08,2961,345.7,0.803,134.48,0.0303
1473,2016-02-08,2961.28,345.6,0.768,138.11,0.0239
1474,2016-02-08,2961.63,345.6,0.769,138.03,0.0241
1475,2016-02-09,2962.17,345.5,0.768,138,0.024
1476,2016-02-10,2963.02,345.3,0.771,137.96,0.0244
1477,2016-02-11,2964.35,345.1,0.772,137.95,0.0246
1478,2016-02-13,2966.43,344.7,0.774,137.91,0.0248
1479,2016-02-15,2968.71,344.3,0.775,137.86,0.025
1480,2016-02-18,2971,344,0.777,137.79,0.0253
1481,2016-02-18,2971.5,344.4,0.79,136.92,0.0275
1482,2016-02-19,2972.13,344.9,0.79,136.92,0.0276
1483,2016-02-20,2973.1,345.7,0.791,136.88,0.0277
1484,2016-02-21,2974.63,346.9,0.795,136.86,0.0283
1485,2016-02-24,2977.01,348.8,0.798,136.9,0.0289
1486,2016-02-26,2979.01,350.4,0.801,136.93,0.0294
1487,2016-02-28,2981,352,0.804,136.93,0.03
1488,2016-02-28,2981.5,352.1,0.818,134.24,0.0335
1489,2016-02-29,2982.04,352.1,0.818,134.28,0.0336
1490,2016-02-29,2982.72,352.1,0.818,134.25,0.0335
1491,2016-03-01,2983.7,352.1,0.82,134.2,0.0339
1492,2016-03-03,2985.23,352.2,0.82,134.23,0.0339
1493,2016-03-05,2987.61,352.3,0.82,134.21,0.034
1494,2016-03-09,2991,352.5,0.821,134.19,0.0341
1495,2016-03-09,2991.5,352.5,0.823,134.6,0.0346
1496,2016-03-10,2992.13,352.5,0.822,134.67,0.0343
1497,2016-03-11,2993.1,352.4,0.822,134.64,0.0342
1498,2016-03-12,2994.63,352.4,0.823,134.73,0.0345
1499,2016-03-15,2997.01,352.3,0.821,134.82,0.0341
1500,2016-03-17,2999.01,352.2,0.822,134.82,0.0344
1501,2016-03-19,3001,352.2,0.822,134.88,0.0342
1502,2016-03-19,3001.47,352,0.797,138.16,0.0284
1503,2016-03-20,3002.05,351.9,0.797,138.17,0.0283
1504,2016-03-20,3002.97,351.7,0.796,138.19,0.0282
1505,2016-03-22,3004.4,351.4,0.796,138.21,0.0282
1506,2016-03-24,3006.63,350.9,0.796,138.2,0.0283
1507,2016-03-26,3008.82,350.4,0.796,138.16,0.0283
1508,2016-03-29,3011,349.9,0.798,138.14,0.0286
1509,2016-03-29,3011.5,349.8,0.804,137.96,0.0298
1510,2016-03-30,3012.13,349.8,0.804,137.96,0.0298
1511,2016-03-31,3013.1,349.7,0.804,137.96,0.0298
1512,2016-04-01,3014.63,349.5,0.805,137.95,0.0299
1513,2016-04-04,3017.01,349.3,0.805,137.94,0.03
1514,2016-04-06,3019.01,349,0.806,137.93,0.0301
1515,2016-04-08,3021,348.8,0.806,137.91,0.0302
1516,2016-04-08,3021.5,348.9,0.856,136.27,0.0435
1517,2016-04-09,3022.09,348.9,0.85,136.79,0.0413
1518,2016-04-09,3022.85,349,0.849,136.77,0.0411
1519,2016-04-10,3023.83,349.1,0.849,136.79,0.0412
1520,2016-04-12,3025.35,349.3,0.849,136.79,0.0412
1521,2016-04-14,3027.74,349.5,0.849,136.77,0.0412
1522,2016-04-15,3028.06,349.6,0.849,136.78,0.0412
1523,2016-04-15,3028.47,349.6,0.849,136.77,0.0411
1524,2016-04-16,3029.11,349.7,0.849,136.77,0.0412
1525,2016-04-17,3030.05,349.8,0.849,136.76,0.0412
1526,2016-04-18,3031,349.9,0.849,136.74,0.0412
1527,2016-04-20,3033.43,349.9,0.846,135.38,0.0406
1528,2016-04-23,3036.43,350,0.845,135.37,0.0402
1529,2016-04-28,3041,350,0.845,135.38,0.0402
1530,2016-05-03,3046,350.5,0.823,133.48,0.0348
1531,2016-05-03,3046.5,350.6,0.824,133.45,0.0351
1532,2016-05-04,3047.13,350.7,0.824,133.44,0.0352
1533,2016-05-05,3048.1,350.8,0.826,133.49,0.0357
1534,2016-05-06,3049.55,350.9,0.827,133.57,0.0357
1535,2016-05-08,3051,351.1,0.828,133.62,0.0361
1536,2016-05-08,3051.37,351.1,0.829,133.76,0.0362
1537,2016-05-08,3051.84,351.1,0.829,133.82,0.0362
1538,2016-05-09,3052.57,351.2,0.83,133.84,0.0364
1539,2016-05-10,3053.7,351.3,0.831,133.89,0.0367
1540,2016-05-12,3055.48,351.4,0.833,133.95,0.0371
1541,2016-05-15,3058.24,351.6,0.834,134.03,0.0376
1542,2016-05-18,3061,351.7,0.836,134.09,0.038
1543,2016-05-23,3066,352.1,0.84,134.31,0.039
1544,2016-05-28,3071,352.4,0.841,134.36,0.0394
1545,2016-05-28,3071.5,352.5,0.841,134.33,0.0394
1546,2016-05-29,3072.13,352.5,0.842,134.32,0.0397
1547,2016-05-30,3073.1,352.7,0.842,134.34,0.0395
1548,2016-05-31,3074.63,352.9,0.842,134.32,0.0398
1549,2016-06-03,3077.01,353.2,0.842,134.34,0.0397
1550,2016-06-05,3079.01,353.4,0.844,134.35,0.0403
1551,2016-06-07,3081,353.7,0.844,134.38,0.0402
1552,2016-06-07,3081.5,353.7,0.844,134.18,0.0402
1553,2016-06-08,3082.13,353.7,0.844,134.18,0.0402
1554,2016-06-09,3083.1,353.7,0.843,134.19,0.0401
1555,2016-06-10,3084.63,353.8,0.845,134.2,0.0406
1556,2016-06-13,3087.01,353.8,0.844,134.23,0.0403
1557,2016-06-15,3089.01,353.9,0.844,134.22,0.0404
1558,2016-06-17,3091,353.9,0.845,134.24,0.0407
1559,2016-06-17,3091.5,354,0.844,134.41,0.0403
1560,2016-06-18,3092.13,354,0.844,134.44,0.0402
1561,2016-06-19,3093.1,354,0.844,134.43,0.0404
1562,2016-06-20,3094.63,354.1,0.845,134.44,0.0405
1563,2016-06-23,3097.01,354.2,0.846,134.44,0.0408
1564,2016-06-25,3099.01,354.3,0.846,134.44,0.0409
1565,2016-06-27,3101,354.4,0.847,134.45,0.0411
1566,2016-06-27,3101.5,354.4,0.847,134.45,0.0412
1567,2016-06-28,3102.13,354.4,0.847,134.4,0.0413
1568,2016-06-29,3103.1,354.5,0.848,134.43,0.0414
1569,2016-06-30,3104.63,354.6,0.847,134.45,0.0412
1570,2016-07-03,3107.01,354.7,0.849,134.43,0.0417
1571,2016-07-05,3109.01,354.8,0.848,134.47,0.0416
1572,2016-07-07,3111,354.9,0.849,134.41,0.0419
1573,2016-07-12,3116,354.7,0.842,133.37,0.0399
1574,2016-07-14,3118.5,354.6,0.842,133.43,0.04
1575,2016-07-17,3121,354.5,0.843,133.46,0.0401
1576,2016-07-22,3126,355.6,0.81,132.69,0.0321
1577,2016-07-24,3128.5,356.2,0.811,132.74,0.0324
1578,2016-07-27,3131,356.8,0.813,132.78,0.0327
1579,2016-07-31,3135.67,356,0.808,132.59,0.0318
1580,2016-08-01,3136.2,355.9,0.808,132.58,0.0318
1581,2016-08-01,3136.87,355.8,0.809,132.57,0.0319
1582,2016-08-02,3137.91,355.6,0.809,132.56,0.0319
1583,2016-08-04,3139.45,355.3,0.809,132.55,0.0319
1584,2016-08-06,3141,355,0.809,132.54,0.0319
1585,2016-08-08,3143.05,355.3,0.803,131.58,0.0311
1586,2016-08-10,3145.59,355.7,0.804,131.66,0.0312
1587,2016-08-13,3148.28,356.1,0.805,131.72,0.0313
1588,2016-08-16,3151,356.5,0.806,131.76,0.0315
1589,2016-08-18,3153.92,356.9,0.798,129.39,0.0305
1590,2016-08-22,3157.16,357.2,0.8,129.4,0.0309
1591,2016-08-24,3159.08,357.4,0.801,129.41,0.0311
1592,2016-08-26,3161,357.6,0.802,129.42,0.0313
1593,2016-08-28,3163.52,356.4,0.775,129.7,0.0265
1594,2016-08-31,3166.66,354.8,0.774,129.58,0.0264
1595,2016-09-02,3168.83,353.7,0.773,129.51,0.0263
1596,2016-09-05,3171,352.6,0.772,129.44,0.0261
1597,2016-09-07,3173.33,350.5,0.766,129.33,0.0253
1598,2016-09-09,3175.98,348.2,0.763,129.18,0.025
1599,2016-09-12,3178.49,346.1,0.761,129.05,0.0247
1600,2016-09-15,3181,343.9,0.758,128.92,0.0244
1601,2016-09-17,3183.5,341.8,0.756,128.79,0.0241
1602,2016-09-20,3186,339.8,0.754,128.65,0.0238
1603,2016-09-20,3186.1,339.8,0,0,0
1604,2016-09-20,3186.31,339.8,0,0,0
1605,2016-09-20,3186.65,339.8,0,0,0
1606,2016-09-21,3187.34,340,0,0,0
1607,2016-09-23,3189.18,340.3,0,0,0
1608,2016-09-25,3191.66,340.8,0,0,0
1609,2016-09-28,3194.33,341.2,0,0,0
1610,2016-10-01,3197,341.7,0,0,0
